date,currency,rate_to_usd
2023-01-01,USD,1.0
2023-01-01,EUR,1.08
2023-01-01,GBP,1.26
2023-01-01,BRL,0.19
2023-01-01,JPY,0.0067
2023-01-02,USD,1.0
2023-01-02,EUR,1.090837
2023-01-02,GBP,1.270792
2023-01-02,BRL,0.200813
2023-01-02,JPY,0.006786
2023-01-03,USD,1.0
2023-01-03,EUR,1.100211
2023-01-03,GBP,1.280783
2023-01-03,BRL,0.208193
2023-01-03,JPY,0.006868
2023-01-04,USD,1.0
2023-01-04,EUR,1.106855
2023-01-04,GBP,1.289233
2023-01-04,BRL,0.209796
2023-01-04,JPY,0.006942
2023-01-05,USD,1.0
2023-01-05,EUR,1.109872
2023-01-05,GBP,1.295515
2023-01-05,BRL,0.205115
2023-01-05,JPY,0.007005
2023-01-06,USD,1.0
2023-01-06,EUR,1.108855
2023-01-06,GBP,1.299163
2023-01-06,BRL,0.195635
2023-01-06,JPY,0.007053
2023-01-07,USD,1.0
2023-01-07,EUR,1.103941
2023-01-07,GBP,1.299907
2023-01-07,BRL,0.184365
2023-01-07,JPY,0.007085
2023-01-08,USD,1.0
2023-01-08,EUR,1.095793
2023-01-08,GBP,1.29769
2023-01-08,BRL,0.174885
2023-01-08,JPY,0.007099
2023-01-09,USD,1.0
2023-01-09,EUR,1.085512
2023-01-09,GBP,1.292679
2023-01-09,BRL,0.170204
2023-01-09,JPY,0.007095
2023-01-10,USD,1.0
2023-01-10,EUR,1.074488
2023-01-10,GBP,1.285244
2023-01-10,BRL,0.171807
2023-01-10,JPY,0.007072
2023-01-11,USD,1.0
2023-01-11,EUR,1.064207
2023-01-11,GBP,1.275936
2023-01-11,BRL,0.179187
2023-01-11,JPY,0.007031
2023-01-12,USD,1.0
2023-01-12,EUR,1.056059
2023-01-12,GBP,1.265447
2023-01-12,BRL,0.19
2023-01-12,JPY,0.006975
2023-01-13,USD,1.0
2023-01-13,EUR,1.051145
2023-01-13,GBP,1.254553
2023-01-13,BRL,0.200813
2023-01-13,JPY,0.006906
2023-01-14,USD,1.0
2023-01-14,EUR,1.050128
2023-01-14,GBP,1.244064
2023-01-14,BRL,0.208193
2023-01-14,JPY,0.006828
2023-01-15,USD,1.0
2023-01-15,EUR,1.053145
2023-01-15,GBP,1.234756
2023-01-15,BRL,0.209796
2023-01-15,JPY,0.006743
2023-01-16,USD,1.0
2023-01-16,EUR,1.059789
2023-01-16,GBP,1.227321
2023-01-16,BRL,0.205115
2023-01-16,JPY,0.006657
2023-01-17,USD,1.0
2023-01-17,EUR,1.069163
2023-01-17,GBP,1.22231
2023-01-17,BRL,0.195635
2023-01-17,JPY,0.006572
2023-01-18,USD,1.0
2023-01-18,EUR,1.08
2023-01-18,GBP,1.220093
2023-01-18,BRL,0.184365
2023-01-18,JPY,0.006494
2023-01-19,USD,1.0
2023-01-19,EUR,1.090837
2023-01-19,GBP,1.220837
2023-01-19,BRL,0.174885
2023-01-19,JPY,0.006425
2023-01-20,USD,1.0
2023-01-20,EUR,1.100211
2023-01-20,GBP,1.224485
2023-01-20,BRL,0.170204
2023-01-20,JPY,0.006369
2023-01-21,USD,1.0
2023-01-21,EUR,1.106855
2023-01-21,GBP,1.230767
2023-01-21,BRL,0.171807
2023-01-21,JPY,0.006328
2023-01-22,USD,1.0
2023-01-22,EUR,1.109872
2023-01-22,GBP,1.239217
2023-01-22,BRL,0.179187
2023-01-22,JPY,0.006305
2023-01-23,USD,1.0
2023-01-23,EUR,1.108855
2023-01-23,GBP,1.249208
2023-01-23,BRL,0.19
2023-01-23,JPY,0.006301
2023-01-24,USD,1.0
2023-01-24,EUR,1.103941
2023-01-24,GBP,1.26
2023-01-24,BRL,0.200813
2023-01-24,JPY,0.006315
2023-01-25,USD,1.0
2023-01-25,EUR,1.095793
2023-01-25,GBP,1.270792
2023-01-25,BRL,0.208193
2023-01-25,JPY,0.006347
2023-01-26,USD,1.0
2023-01-26,EUR,1.085512
2023-01-26,GBP,1.280783
2023-01-26,BRL,0.209796
2023-01-26,JPY,0.006395
2023-01-27,USD,1.0
2023-01-27,EUR,1.074488
2023-01-27,GBP,1.289233
2023-01-27,BRL,0.205115
2023-01-27,JPY,0.006458
2023-01-28,USD,1.0
2023-01-28,EUR,1.064207
2023-01-28,GBP,1.295515
2023-01-28,BRL,0.195635
2023-01-28,JPY,0.006532
2023-01-29,USD,1.0
2023-01-29,EUR,1.056059
2023-01-29,GBP,1.299163
2023-01-29,BRL,0.184365
2023-01-29,JPY,0.006614
2023-01-30,USD,1.0
2023-01-30,EUR,1.051145
2023-01-30,GBP,1.299907
2023-01-30,BRL,0.174885
2023-01-30,JPY,0.0067
2023-01-31,USD,1.0
2023-01-31,EUR,1.050128
2023-01-31,GBP,1.29769
2023-01-31,BRL,0.170204
2023-01-31,JPY,0.006786
2023-02-01,USD,1.0
2023-02-01,EUR,1.053145
2023-02-01,GBP,1.292679
2023-02-01,BRL,0.171807
2023-02-01,JPY,0.006868
2023-02-02,USD,1.0
2023-02-02,EUR,1.059789
2023-02-02,GBP,1.285244
2023-02-02,BRL,0.179187
2023-02-02,JPY,0.006942
2023-02-03,USD,1.0
2023-02-03,EUR,1.069163
2023-02-03,GBP,1.275936
2023-02-03,BRL,0.19
2023-02-03,JPY,0.007005
2023-02-04,USD,1.0
2023-02-04,EUR,1.08
2023-02-04,GBP,1.265447
2023-02-04,BRL,0.200813
2023-02-04,JPY,0.007053
2023-02-05,USD,1.0
2023-02-05,EUR,1.090837
2023-02-05,GBP,1.254553
2023-02-05,BRL,0.208193
2023-02-05,JPY,0.007085
2023-02-06,USD,1.0
2023-02-06,EUR,1.100211
2023-02-06,GBP,1.244064
2023-02-06,BRL,0.209796
2023-02-06,JPY,0.007099
2023-02-07,USD,1.0
2023-02-07,EUR,1.106855
2023-02-07,GBP,1.234756
2023-02-07,BRL,0.205115
2023-02-07,JPY,0.007095
2023-02-08,USD,1.0
2023-02-08,EUR,1.109872
2023-02-08,GBP,1.227321
2023-02-08,BRL,0.195635
2023-02-08,JPY,0.007072
2023-02-09,USD,1.0
2023-02-09,EUR,1.108855
2023-02-09,GBP,1.22231
2023-02-09,BRL,0.184365
2023-02-09,JPY,0.007031
2023-02-10,USD,1.0
2023-02-10,EUR,1.103941
2023-02-10,GBP,1.220093
2023-02-10,BRL,0.174885
2023-02-10,JPY,0.006975
2023-02-11,USD,1.0
2023-02-11,EUR,1.095793
2023-02-11,GBP,1.220837
2023-02-11,BRL,0.170204
2023-02-11,JPY,0.006906
2023-02-12,USD,1.0
2023-02-12,EUR,1.085512
2023-02-12,GBP,1.224485
2023-02-12,BRL,0.171807
2023-02-12,JPY,0.006828
2023-02-13,USD,1.0
2023-02-13,EUR,1.074488
2023-02-13,GBP,1.230767
2023-02-13,BRL,0.179187
2023-02-13,JPY,0.006743
2023-02-14,USD,1.0
2023-02-14,EUR,1.064207
2023-02-14,GBP,1.239217
2023-02-14,BRL,0.19
2023-02-14,JPY,0.006657
2023-02-15,USD,1.0
2023-02-15,EUR,1.056059
2023-02-15,GBP,1.249208
2023-02-15,BRL,0.200813
2023-02-15,JPY,0.006572
2023-02-16,USD,1.0
2023-02-16,EUR,1.051145
2023-02-16,GBP,1.26
2023-02-16,BRL,0.208193
2023-02-16,JPY,0.006494
2023-02-17,USD,1.0
2023-02-17,EUR,1.050128
2023-02-17,GBP,1.270792
2023-02-17,BRL,0.209796
2023-02-17,JPY,0.006425
2023-02-18,USD,1.0
2023-02-18,EUR,1.053145
2023-02-18,GBP,1.280783
2023-02-18,BRL,0.205115
2023-02-18,JPY,0.006369
2023-02-19,USD,1.0
2023-02-19,EUR,1.059789
2023-02-19,GBP,1.289233
2023-02-19,BRL,0.195635
2023-02-19,JPY,0.006328
2023-02-20,USD,1.0
2023-02-20,EUR,1.069163
2023-02-20,GBP,1.295515
2023-02-20,BRL,0.184365
2023-02-20,JPY,0.006305
2023-02-21,USD,1.0
2023-02-21,EUR,1.08
2023-02-21,GBP,1.299163
2023-02-21,BRL,0.174885
2023-02-21,JPY,0.006301
2023-02-22,USD,1.0
2023-02-22,EUR,1.090837
2023-02-22,GBP,1.299907
2023-02-22,BRL,0.170204
2023-02-22,JPY,0.006315
2023-02-23,USD,1.0
2023-02-23,EUR,1.100211
2023-02-23,GBP,1.29769
2023-02-23,BRL,0.171807
2023-02-23,JPY,0.006347
2023-02-24,USD,1.0
2023-02-24,EUR,1.106855
2023-02-24,GBP,1.292679
2023-02-24,BRL,0.179187
2023-02-24,JPY,0.006395
2023-02-25,USD,1.0
2023-02-25,EUR,1.109872
2023-02-25,GBP,1.285244
2023-02-25,BRL,0.19
2023-02-25,JPY,0.006458
2023-02-26,USD,1.0
2023-02-26,EUR,1.108855
2023-02-26,GBP,1.275936
2023-02-26,BRL,0.200813
2023-02-26,JPY,0.006532
2023-02-27,USD,1.0
2023-02-27,EUR,1.103941
2023-02-27,GBP,1.265447
2023-02-27,BRL,0.208193
2023-02-27,JPY,0.006614
2023-02-28,USD,1.0
2023-02-28,EUR,1.095793
2023-02-28,GBP,1.254553
2023-02-28,BRL,0.209796
2023-02-28,JPY,0.0067
2023-03-01,USD,1.0
2023-03-01,EUR,1.085512
2023-03-01,GBP,1.244064
2023-03-01,BRL,0.205115
2023-03-01,JPY,0.006786
2023-03-02,USD,1.0
2023-03-02,EUR,1.074488
2023-03-02,GBP,1.234756
2023-03-02,BRL,0.195635
2023-03-02,JPY,0.006868
2023-03-03,USD,1.0
2023-03-03,EUR,1.064207
2023-03-03,GBP,1.227321
2023-03-03,BRL,0.184365
2023-03-03,JPY,0.006942
2023-03-04,USD,1.0
2023-03-04,EUR,1.056059
2023-03-04,GBP,1.22231
2023-03-04,BRL,0.174885
2023-03-04,JPY,0.007005
2023-03-05,USD,1.0
2023-03-05,EUR,1.051145
2023-03-05,GBP,1.220093
2023-03-05,BRL,0.170204
2023-03-05,JPY,0.007053
2023-03-06,USD,1.0
2023-03-06,EUR,1.050128
2023-03-06,GBP,1.220837
2023-03-06,BRL,0.171807
2023-03-06,JPY,0.007085
2023-03-07,USD,1.0
2023-03-07,EUR,1.053145
2023-03-07,GBP,1.224485
2023-03-07,BRL,0.179187
2023-03-07,JPY,0.007099
2023-03-08,USD,1.0
2023-03-08,EUR,1.059789
2023-03-08,GBP,1.230767
2023-03-08,BRL,0.19
2023-03-08,JPY,0.007095
2023-03-09,USD,1.0
2023-03-09,EUR,1.069163
2023-03-09,GBP,1.239217
2023-03-09,BRL,0.200813
2023-03-09,JPY,0.007072
2023-03-10,USD,1.0
2023-03-10,EUR,1.08
2023-03-10,GBP,1.249208
2023-03-10,BRL,0.208193
2023-03-10,JPY,0.007031
2023-03-11,USD,1.0
2023-03-11,EUR,1.090837
2023-03-11,GBP,1.26
2023-03-11,BRL,0.209796
2023-03-11,JPY,0.006975
2023-03-12,USD,1.0
2023-03-12,EUR,1.100211
2023-03-12,GBP,1.270792
2023-03-12,BRL,0.205115
2023-03-12,JPY,0.006906
2023-03-13,USD,1.0
2023-03-13,EUR,1.106855
2023-03-13,GBP,1.280783
2023-03-13,BRL,0.195635
2023-03-13,JPY,0.006828
2023-03-14,USD,1.0
2023-03-14,EUR,1.109872
2023-03-14,GBP,1.289233
2023-03-14,BRL,0.184365
2023-03-14,JPY,0.006743
2023-03-15,USD,1.0
2023-03-15,EUR,1.108855
2023-03-15,GBP,1.295515
2023-03-15,BRL,0.174885
2023-03-15,JPY,0.006657
2023-03-16,USD,1.0
2023-03-16,EUR,1.103941
2023-03-16,GBP,1.299163
2023-03-16,BRL,0.170204
2023-03-16,JPY,0.006572
2023-03-17,USD,1.0
2023-03-17,EUR,1.095793
2023-03-17,GBP,1.299907
2023-03-17,BRL,0.171807
2023-03-17,JPY,0.006494
2023-03-18,USD,1.0
2023-03-18,EUR,1.085512
2023-03-18,GBP,1.29769
2023-03-18,BRL,0.179187
2023-03-18,JPY,0.006425
2023-03-19,USD,1.0
2023-03-19,EUR,1.074488
2023-03-19,GBP,1.292679
2023-03-19,BRL,0.19
2023-03-19,JPY,0.006369
2023-03-20,USD,1.0
2023-03-20,EUR,1.064207
2023-03-20,GBP,1.285244
2023-03-20,BRL,0.200813
2023-03-20,JPY,0.006328
2023-03-21,USD,1.0
2023-03-21,EUR,1.056059
2023-03-21,GBP,1.275936
2023-03-21,BRL,0.208193
2023-03-21,JPY,0.006305
2023-03-22,USD,1.0
2023-03-22,EUR,1.051145
2023-03-22,GBP,1.265447
2023-03-22,BRL,0.209796
2023-03-22,JPY,0.006301
2023-03-23,USD,1.0
2023-03-23,EUR,1.050128
2023-03-23,GBP,1.254553
2023-03-23,BRL,0.205115
2023-03-23,JPY,0.006315
2023-03-24,USD,1.0
2023-03-24,EUR,1.053145
2023-03-24,GBP,1.244064
2023-03-24,BRL,0.195635
2023-03-24,JPY,0.006347
2023-03-25,USD,1.0
2023-03-25,EUR,1.059789
2023-03-25,GBP,1.234756
2023-03-25,BRL,0.184365
2023-03-25,JPY,0.006395
2023-03-26,USD,1.0
2023-03-26,EUR,1.069163
2023-03-26,GBP,1.227321
2023-03-26,BRL,0.174885
2023-03-26,JPY,0.006458
2023-03-27,USD,1.0
2023-03-27,EUR,1.08
2023-03-27,GBP,1.22231
2023-03-27,BRL,0.170204
2023-03-27,JPY,0.006532
2023-03-28,USD,1.0
2023-03-28,EUR,1.090837
2023-03-28,GBP,1.220093
2023-03-28,BRL,0.171807
2023-03-28,JPY,0.006614
2023-03-29,USD,1.0
2023-03-29,EUR,1.100211
2023-03-29,GBP,1.220837
2023-03-29,BRL,0.179187
2023-03-29,JPY,0.0067
2023-03-30,USD,1.0
2023-03-30,EUR,1.106855
2023-03-30,GBP,1.224485
2023-03-30,BRL,0.19
2023-03-30,JPY,0.006786
2023-03-31,USD,1.0
2023-03-31,EUR,1.109872
2023-03-31,GBP,1.230767
2023-03-31,BRL,0.200813
2023-03-31,JPY,0.006868
2023-04-01,USD,1.0
2023-04-01,EUR,1.108855
2023-04-01,GBP,1.239217
2023-04-01,BRL,0.208193
2023-04-01,JPY,0.006942
2023-04-02,USD,1.0
2023-04-02,EUR,1.103941
2023-04-02,GBP,1.249208
2023-04-02,BRL,0.209796
2023-04-02,JPY,0.007005
2023-04-03,USD,1.0
2023-04-03,EUR,1.095793
2023-04-03,GBP,1.26
2023-04-03,BRL,0.205115
2023-04-03,JPY,0.007053
2023-04-04,USD,1.0
2023-04-04,EUR,1.085512
2023-04-04,GBP,1.270792
2023-04-04,BRL,0.195635
2023-04-04,JPY,0.007085
2023-04-05,USD,1.0
2023-04-05,EUR,1.074488
2023-04-05,GBP,1.280783
2023-04-05,BRL,0.184365
2023-04-05,JPY,0.007099
2023-04-06,USD,1.0
2023-04-06,EUR,1.064207
2023-04-06,GBP,1.289233
2023-04-06,BRL,0.174885
2023-04-06,JPY,0.007095
2023-04-07,USD,1.0
2023-04-07,EUR,1.056059
2023-04-07,GBP,1.295515
2023-04-07,BRL,0.170204
2023-04-07,JPY,0.007072
2023-04-08,USD,1.0
2023-04-08,EUR,1.051145
2023-04-08,GBP,1.299163
2023-04-08,BRL,0.171807
2023-04-08,JPY,0.007031
2023-04-09,USD,1.0
2023-04-09,EUR,1.050128
2023-04-09,GBP,1.299907
2023-04-09,BRL,0.179187
2023-04-09,JPY,0.006975
2023-04-10,USD,1.0
2023-04-10,EUR,1.053145
2023-04-10,GBP,1.29769
2023-04-10,BRL,0.19
2023-04-10,JPY,0.006906
2023-04-11,USD,1.0
2023-04-11,EUR,1.059789
2023-04-11,GBP,1.292679
2023-04-11,BRL,0.200813
2023-04-11,JPY,0.006828
2023-04-12,USD,1.0
2023-04-12,EUR,1.069163
2023-04-12,GBP,1.285244
2023-04-12,BRL,0.208193
2023-04-12,JPY,0.006743
2023-04-13,USD,1.0
2023-04-13,EUR,1.08
2023-04-13,GBP,1.275936
2023-04-13,BRL,0.209796
2023-04-13,JPY,0.006657
2023-04-14,USD,1.0
2023-04-14,EUR,1.090837
2023-04-14,GBP,1.265447
2023-04-14,BRL,0.205115
2023-04-14,JPY,0.006572
2023-04-15,USD,1.0
2023-04-15,EUR,1.100211
2023-04-15,GBP,1.254553
2023-04-15,BRL,0.195635
2023-04-15,JPY,0.006494
2023-04-16,USD,1.0
2023-04-16,EUR,1.106855
2023-04-16,GBP,1.244064
2023-04-16,BRL,0.184365
2023-04-16,JPY,0.006425
2023-04-17,USD,1.0
2023-04-17,EUR,1.109872
2023-04-17,GBP,1.234756
2023-04-17,BRL,0.174885
2023-04-17,JPY,0.006369
2023-04-18,USD,1.0
2023-04-18,EUR,1.108855
2023-04-18,GBP,1.227321
2023-04-18,BRL,0.170204
2023-04-18,JPY,0.006328
2023-04-19,USD,1.0
2023-04-19,EUR,1.103941
2023-04-19,GBP,1.22231
2023-04-19,BRL,0.171807
2023-04-19,JPY,0.006305
2023-04-20,USD,1.0
2023-04-20,EUR,1.095793
2023-04-20,GBP,1.220093
2023-04-20,BRL,0.179187
2023-04-20,JPY,0.006301
2023-04-21,USD,1.0
2023-04-21,EUR,1.085512
2023-04-21,GBP,1.220837
2023-04-21,BRL,0.19
2023-04-21,JPY,0.006315
2023-04-22,USD,1.0
2023-04-22,EUR,1.074488
2023-04-22,GBP,1.224485
2023-04-22,BRL,0.200813
2023-04-22,JPY,0.006347
2023-04-23,USD,1.0
2023-04-23,EUR,1.064207
2023-04-23,GBP,1.230767
2023-04-23,BRL,0.208193
2023-04-23,JPY,0.006395
2023-04-24,USD,1.0
2023-04-24,EUR,1.056059
2023-04-24,GBP,1.239217
2023-04-24,BRL,0.209796
2023-04-24,JPY,0.006458
2023-04-25,USD,1.0
2023-04-25,EUR,1.051145
2023-04-25,GBP,1.249208
2023-04-25,BRL,0.205115
2023-04-25,JPY,0.006532
2023-04-26,USD,1.0
2023-04-26,EUR,1.050128
2023-04-26,GBP,1.26
2023-04-26,BRL,0.195635
2023-04-26,JPY,0.006614
2023-04-27,USD,1.0
2023-04-27,EUR,1.053145
2023-04-27,GBP,1.270792
2023-04-27,BRL,0.184365
2023-04-27,JPY,0.0067
2023-04-28,USD,1.0
2023-04-28,EUR,1.059789
2023-04-28,GBP,1.280783
2023-04-28,BRL,0.174885
2023-04-28,JPY,0.006786
2023-04-29,USD,1.0
2023-04-29,EUR,1.069163
2023-04-29,GBP,1.289233
2023-04-29,BRL,0.170204
2023-04-29,JPY,0.006868
2023-04-30,USD,1.0
2023-04-30,EUR,1.08
2023-04-30,GBP,1.295515
2023-04-30,BRL,0.171807
2023-04-30,JPY,0.006942
2023-05-01,USD,1.0
2023-05-01,EUR,1.090837
2023-05-01,GBP,1.299163
2023-05-01,BRL,0.179187
2023-05-01,JPY,0.007005
2023-05-02,USD,1.0
2023-05-02,EUR,1.100211
2023-05-02,GBP,1.299907
2023-05-02,BRL,0.19
2023-05-02,JPY,0.007053
2023-05-03,USD,1.0
2023-05-03,EUR,1.106855
2023-05-03,GBP,1.29769
2023-05-03,BRL,0.200813
2023-05-03,JPY,0.007085
2023-05-04,USD,1.0
2023-05-04,EUR,1.109872
2023-05-04,GBP,1.292679
2023-05-04,BRL,0.208193
2023-05-04,JPY,0.007099
2023-05-05,USD,1.0
2023-05-05,EUR,1.108855
2023-05-05,GBP,1.285244
2023-05-05,BRL,0.209796
2023-05-05,JPY,0.007095
2023-05-06,USD,1.0
2023-05-06,EUR,1.103941
2023-05-06,GBP,1.275936
2023-05-06,BRL,0.205115
2023-05-06,JPY,0.007072
2023-05-07,USD,1.0
2023-05-07,EUR,1.095793
2023-05-07,GBP,1.265447
2023-05-07,BRL,0.195635
2023-05-07,JPY,0.007031
2023-05-08,USD,1.0
2023-05-08,EUR,1.085512
2023-05-08,GBP,1.254553
2023-05-08,BRL,0.184365
2023-05-08,JPY,0.006975
2023-05-09,USD,1.0
2023-05-09,EUR,1.074488
2023-05-09,GBP,1.244064
2023-05-09,BRL,0.174885
2023-05-09,JPY,0.006906
2023-05-10,USD,1.0
2023-05-10,EUR,1.064207
2023-05-10,GBP,1.234756
2023-05-10,BRL,0.170204
2023-05-10,JPY,0.006828
2023-05-11,USD,1.0
2023-05-11,EUR,1.056059
2023-05-11,GBP,1.227321
2023-05-11,BRL,0.171807
2023-05-11,JPY,0.006743
2023-05-12,USD,1.0
2023-05-12,EUR,1.051145
2023-05-12,GBP,1.22231
2023-05-12,BRL,0.179187
2023-05-12,JPY,0.006657
2023-05-13,USD,1.0
2023-05-13,EUR,1.050128
2023-05-13,GBP,1.220093
2023-05-13,BRL,0.19
2023-05-13,JPY,0.006572
2023-05-14,USD,1.0
2023-05-14,EUR,1.053145
2023-05-14,GBP,1.220837
2023-05-14,BRL,0.200813
2023-05-14,JPY,0.006494
2023-05-15,USD,1.0
2023-05-15,EUR,1.059789
2023-05-15,GBP,1.224485
2023-05-15,BRL,0.208193
2023-05-15,JPY,0.006425
2023-05-16,USD,1.0
2023-05-16,EUR,1.069163
2023-05-16,GBP,1.230767
2023-05-16,BRL,0.209796
2023-05-16,JPY,0.006369
2023-05-17,USD,1.0
2023-05-17,EUR,1.08
2023-05-17,GBP,1.239217
2023-05-17,BRL,0.205115
2023-05-17,JPY,0.006328
2023-05-18,USD,1.0
2023-05-18,EUR,1.090837
2023-05-18,GBP,1.249208
2023-05-18,BRL,0.195635
2023-05-18,JPY,0.006305
2023-05-19,USD,1.0
2023-05-19,EUR,1.100211
2023-05-19,GBP,1.26
2023-05-19,BRL,0.184365
2023-05-19,JPY,0.006301
2023-05-20,USD,1.0
2023-05-20,EUR,1.106855
2023-05-20,GBP,1.270792
2023-05-20,BRL,0.174885
2023-05-20,JPY,0.006315
2023-05-21,USD,1.0
2023-05-21,EUR,1.109872
2023-05-21,GBP,1.280783
2023-05-21,BRL,0.170204
2023-05-21,JPY,0.006347
2023-05-22,USD,1.0
2023-05-22,EUR,1.108855
2023-05-22,GBP,1.289233
2023-05-22,BRL,0.171807
2023-05-22,JPY,0.006395
2023-05-23,USD,1.0
2023-05-23,EUR,1.103941
2023-05-23,GBP,1.295515
2023-05-23,BRL,0.179187
2023-05-23,JPY,0.006458
2023-05-24,USD,1.0
2023-05-24,EUR,1.095793
2023-05-24,GBP,1.299163
2023-05-24,BRL,0.19
2023-05-24,JPY,0.006532
2023-05-25,USD,1.0
2023-05-25,EUR,1.085512
2023-05-25,GBP,1.299907
2023-05-25,BRL,0.200813
2023-05-25,JPY,0.006614
2023-05-26,USD,1.0
2023-05-26,EUR,1.074488
2023-05-26,GBP,1.29769
2023-05-26,BRL,0.208193
2023-05-26,JPY,0.0067
2023-05-27,USD,1.0
2023-05-27,EUR,1.064207
2023-05-27,GBP,1.292679
2023-05-27,BRL,0.209796
2023-05-27,JPY,0.006786
2023-05-28,USD,1.0
2023-05-28,EUR,1.056059
2023-05-28,GBP,1.285244
2023-05-28,BRL,0.205115
2023-05-28,JPY,0.006868
2023-05-29,USD,1.0
2023-05-29,EUR,1.051145
2023-05-29,GBP,1.275936
2023-05-29,BRL,0.195635
2023-05-29,JPY,0.006942
2023-05-30,USD,1.0
2023-05-30,EUR,1.050128
2023-05-30,GBP,1.265447
2023-05-30,BRL,0.184365
2023-05-30,JPY,0.007005
2023-05-31,USD,1.0
2023-05-31,EUR,1.053145
2023-05-31,GBP,1.254553
2023-05-31,BRL,0.174885
2023-05-31,JPY,0.007053
2023-06-01,USD,1.0
2023-06-01,EUR,1.059789
2023-06-01,GBP,1.244064
2023-06-01,BRL,0.170204
2023-06-01,JPY,0.007085
2023-06-02,USD,1.0
2023-06-02,EUR,1.069163
2023-06-02,GBP,1.234756
2023-06-02,BRL,0.171807
2023-06-02,JPY,0.007099
2023-06-03,USD,1.0
2023-06-03,EUR,1.08
2023-06-03,GBP,1.227321
2023-06-03,BRL,0.179187
2023-06-03,JPY,0.007095
2023-06-04,USD,1.0
2023-06-04,EUR,1.090837
2023-06-04,GBP,1.22231
2023-06-04,BRL,0.19
2023-06-04,JPY,0.007072
2023-06-05,USD,1.0
2023-06-05,EUR,1.100211
2023-06-05,GBP,1.220093
2023-06-05,BRL,0.200813
2023-06-05,JPY,0.007031
2023-06-06,USD,1.0
2023-06-06,EUR,1.106855
2023-06-06,GBP,1.220837
2023-06-06,BRL,0.208193
2023-06-06,JPY,0.006975
2023-06-07,USD,1.0
2023-06-07,EUR,1.109872
2023-06-07,GBP,1.224485
2023-06-07,BRL,0.209796
2023-06-07,JPY,0.006906
2023-06-08,USD,1.0
2023-06-08,EUR,1.108855
2023-06-08,GBP,1.230767
2023-06-08,BRL,0.205115
2023-06-08,JPY,0.006828
2023-06-09,USD,1.0
2023-06-09,EUR,1.103941
2023-06-09,GBP,1.239217
2023-06-09,BRL,0.195635
2023-06-09,JPY,0.006743
2023-06-10,USD,1.0
2023-06-10,EUR,1.095793
2023-06-10,GBP,1.249208
2023-06-10,BRL,0.184365
2023-06-10,JPY,0.006657
2023-06-11,USD,1.0
2023-06-11,EUR,1.085512
2023-06-11,GBP,1.26
2023-06-11,BRL,0.174885
2023-06-11,JPY,0.006572
2023-06-12,USD,1.0
2023-06-12,EUR,1.074488
2023-06-12,GBP,1.270792
2023-06-12,BRL,0.170204
2023-06-12,JPY,0.006494
2023-06-13,USD,1.0
2023-06-13,EUR,1.064207
2023-06-13,GBP,1.280783
2023-06-13,BRL,0.171807
2023-06-13,JPY,0.006425
2023-06-14,USD,1.0
2023-06-14,EUR,1.056059
2023-06-14,GBP,1.289233
2023-06-14,BRL,0.179187
2023-06-14,JPY,0.006369
2023-06-15,USD,1.0
2023-06-15,EUR,1.051145
2023-06-15,GBP,1.295515
2023-06-15,BRL,0.19
2023-06-15,JPY,0.006328
2023-06-16,USD,1.0
2023-06-16,EUR,1.050128
2023-06-16,GBP,1.299163
2023-06-16,BRL,0.200813
2023-06-16,JPY,0.006305
2023-06-17,USD,1.0
2023-06-17,EUR,1.053145
2023-06-17,GBP,1.299907
2023-06-17,BRL,0.208193
2023-06-17,JPY,0.006301
2023-06-18,USD,1.0
2023-06-18,EUR,1.059789
2023-06-18,GBP,1.29769
2023-06-18,BRL,0.209796
2023-06-18,JPY,0.006315
2023-06-19,USD,1.0
2023-06-19,EUR,1.069163
2023-06-19,GBP,1.292679
2023-06-19,BRL,0.205115
2023-06-19,JPY,0.006347
2023-06-20,USD,1.0
2023-06-20,EUR,1.08
2023-06-20,GBP,1.285244
2023-06-20,BRL,0.195635
2023-06-20,JPY,0.006395
2023-06-21,USD,1.0
2023-06-21,EUR,1.090837
2023-06-21,GBP,1.275936
2023-06-21,BRL,0.184365
2023-06-21,JPY,0.006458
2023-06-22,USD,1.0
2023-06-22,EUR,1.100211
2023-06-22,GBP,1.265447
2023-06-22,BRL,0.174885
2023-06-22,JPY,0.006532
2023-06-23,USD,1.0
2023-06-23,EUR,1.106855
2023-06-23,GBP,1.254553
2023-06-23,BRL,0.170204
2023-06-23,JPY,0.006614
2023-06-24,USD,1.0
2023-06-24,EUR,1.109872
2023-06-24,GBP,1.244064
2023-06-24,BRL,0.171807
2023-06-24,JPY,0.0067
2023-06-25,USD,1.0
2023-06-25,EUR,1.108855
2023-06-25,GBP,1.234756
2023-06-25,BRL,0.179187
2023-06-25,JPY,0.006786
2023-06-26,USD,1.0
2023-06-26,EUR,1.103941
2023-06-26,GBP,1.227321
2023-06-26,BRL,0.19
2023-06-26,JPY,0.006868
2023-06-27,USD,1.0
2023-06-27,EUR,1.095793
2023-06-27,GBP,1.22231
2023-06-27,BRL,0.200813
2023-06-27,JPY,0.006942
2023-06-28,USD,1.0
2023-06-28,EUR,1.085512
2023-06-28,GBP,1.220093
2023-06-28,BRL,0.208193
2023-06-28,JPY,0.007005
2023-06-29,USD,1.0
2023-06-29,EUR,1.074488
2023-06-29,GBP,1.220837
2023-06-29,BRL,0.209796
2023-06-29,JPY,0.007053
2023-06-30,USD,1.0
2023-06-30,EUR,1.064207
2023-06-30,GBP,1.224485
2023-06-30,BRL,0.205115
2023-06-30,JPY,0.007085
2023-07-01,USD,1.0
2023-07-01,EUR,1.056059
2023-07-01,GBP,1.230767
2023-07-01,BRL,0.195635
2023-07-01,JPY,0.007099
2023-07-02,USD,1.0
2023-07-02,EUR,1.051145
2023-07-02,GBP,1.239217
2023-07-02,BRL,0.184365
2023-07-02,JPY,0.007095
2023-07-03,USD,1.0
2023-07-03,EUR,1.050128
2023-07-03,GBP,1.249208
2023-07-03,BRL,0.174885
2023-07-03,JPY,0.007072
2023-07-04,USD,1.0
2023-07-04,EUR,1.053145
2023-07-04,GBP,1.26
2023-07-04,BRL,0.170204
2023-07-04,JPY,0.007031
2023-07-05,USD,1.0
2023-07-05,EUR,1.059789
2023-07-05,GBP,1.270792
2023-07-05,BRL,0.171807
2023-07-05,JPY,0.006975
2023-07-06,USD,1.0
2023-07-06,EUR,1.069163
2023-07-06,GBP,1.280783
2023-07-06,BRL,0.179187
2023-07-06,JPY,0.006906
2023-07-07,USD,1.0
2023-07-07,EUR,1.08
2023-07-07,GBP,1.289233
2023-07-07,BRL,0.19
2023-07-07,JPY,0.006828
2023-07-08,USD,1.0
2023-07-08,EUR,1.090837
2023-07-08,GBP,1.295515
2023-07-08,BRL,0.200813
2023-07-08,JPY,0.006743
2023-07-09,USD,1.0
2023-07-09,EUR,1.100211
2023-07-09,GBP,1.299163
2023-07-09,BRL,0.208193
2023-07-09,JPY,0.006657
2023-07-10,USD,1.0
2023-07-10,EUR,1.106855
2023-07-10,GBP,1.299907
2023-07-10,BRL,0.209796
2023-07-10,JPY,0.006572
2023-07-11,USD,1.0
2023-07-11,EUR,1.109872
2023-07-11,GBP,1.29769
2023-07-11,BRL,0.205115
2023-07-11,JPY,0.006494
2023-07-12,USD,1.0
2023-07-12,EUR,1.108855
2023-07-12,GBP,1.292679
2023-07-12,BRL,0.195635
2023-07-12,JPY,0.006425
2023-07-13,USD,1.0
2023-07-13,EUR,1.103941
2023-07-13,GBP,1.285244
2023-07-13,BRL,0.184365
2023-07-13,JPY,0.006369
2023-07-14,USD,1.0
2023-07-14,EUR,1.095793
2023-07-14,GBP,1.275936
2023-07-14,BRL,0.174885
2023-07-14,JPY,0.006328
2023-07-15,USD,1.0
2023-07-15,EUR,1.085512
2023-07-15,GBP,1.265447
2023-07-15,BRL,0.170204
2023-07-15,JPY,0.006305
2023-07-16,USD,1.0
2023-07-16,EUR,1.074488
2023-07-16,GBP,1.254553
2023-07-16,BRL,0.171807
2023-07-16,JPY,0.006301
2023-07-17,USD,1.0
2023-07-17,EUR,1.064207
2023-07-17,GBP,1.244064
2023-07-17,BRL,0.179187
2023-07-17,JPY,0.006315
2023-07-18,USD,1.0
2023-07-18,EUR,1.056059
2023-07-18,GBP,1.234756
2023-07-18,BRL,0.19
2023-07-18,JPY,0.006347
2023-07-19,USD,1.0
2023-07-19,EUR,1.051145
2023-07-19,GBP,1.227321
2023-07-19,BRL,0.200813
2023-07-19,JPY,0.006395
2023-07-20,USD,1.0
2023-07-20,EUR,1.050128
2023-07-20,GBP,1.22231
2023-07-20,BRL,0.208193
2023-07-20,JPY,0.006458
2023-07-21,USD,1.0
2023-07-21,EUR,1.053145
2023-07-21,GBP,1.220093
2023-07-21,BRL,0.209796
2023-07-21,JPY,0.006532
2023-07-22,USD,1.0
2023-07-22,EUR,1.059789
2023-07-22,GBP,1.220837
2023-07-22,BRL,0.205115
2023-07-22,JPY,0.006614
2023-07-23,USD,1.0
2023-07-23,EUR,1.069163
2023-07-23,GBP,1.224485
2023-07-23,BRL,0.195635
2023-07-23,JPY,0.0067
2023-07-24,USD,1.0
2023-07-24,EUR,1.08
2023-07-24,GBP,1.230767
2023-07-24,BRL,0.184365
2023-07-24,JPY,0.006786
2023-07-25,USD,1.0
2023-07-25,EUR,1.090837
2023-07-25,GBP,1.239217
2023-07-25,BRL,0.174885
2023-07-25,JPY,0.006868
2023-07-26,USD,1.0
2023-07-26,EUR,1.100211
2023-07-26,GBP,1.249208
2023-07-26,BRL,0.170204
2023-07-26,JPY,0.006942
2023-07-27,USD,1.0
2023-07-27,EUR,1.106855
2023-07-27,GBP,1.26
2023-07-27,BRL,0.171807
2023-07-27,JPY,0.007005
2023-07-28,USD,1.0
2023-07-28,EUR,1.109872
2023-07-28,GBP,1.270792
2023-07-28,BRL,0.179187
2023-07-28,JPY,0.007053
2023-07-29,USD,1.0
2023-07-29,EUR,1.108855
2023-07-29,GBP,1.280783
2023-07-29,BRL,0.19
2023-07-29,JPY,0.007085
2023-07-30,USD,1.0
2023-07-30,EUR,1.103941
2023-07-30,GBP,1.289233
2023-07-30,BRL,0.200813
2023-07-30,JPY,0.007099
2023-07-31,USD,1.0
2023-07-31,EUR,1.095793
2023-07-31,GBP,1.295515
2023-07-31,BRL,0.208193
2023-07-31,JPY,0.007095
2023-08-01,USD,1.0
2023-08-01,EUR,1.085512
2023-08-01,GBP,1.299163
2023-08-01,BRL,0.209796
2023-08-01,JPY,0.007072
2023-08-02,USD,1.0
2023-08-02,EUR,1.074488
2023-08-02,GBP,1.299907
2023-08-02,BRL,0.205115
2023-08-02,JPY,0.007031
2023-08-03,USD,1.0
2023-08-03,EUR,1.064207
2023-08-03,GBP,1.29769
2023-08-03,BRL,0.195635
2023-08-03,JPY,0.006975
2023-08-04,USD,1.0
2023-08-04,EUR,1.056059
2023-08-04,GBP,1.292679
2023-08-04,BRL,0.184365
2023-08-04,JPY,0.006906
2023-08-05,USD,1.0
2023-08-05,EUR,1.051145
2023-08-05,GBP,1.285244
2023-08-05,BRL,0.174885
2023-08-05,JPY,0.006828
2023-08-06,USD,1.0
2023-08-06,EUR,1.050128
2023-08-06,GBP,1.275936
2023-08-06,BRL,0.170204
2023-08-06,JPY,0.006743
2023-08-07,USD,1.0
2023-08-07,EUR,1.053145
2023-08-07,GBP,1.265447
2023-08-07,BRL,0.171807
2023-08-07,JPY,0.006657
2023-08-08,USD,1.0
2023-08-08,EUR,1.059789
2023-08-08,GBP,1.254553
2023-08-08,BRL,0.179187
2023-08-08,JPY,0.006572
2023-08-09,USD,1.0
2023-08-09,EUR,1.069163
2023-08-09,GBP,1.244064
2023-08-09,BRL,0.19
2023-08-09,JPY,0.006494
2023-08-10,USD,1.0
2023-08-10,EUR,1.08
2023-08-10,GBP,1.234756
2023-08-10,BRL,0.200813
2023-08-10,JPY,0.006425
2023-08-11,USD,1.0
2023-08-11,EUR,1.090837
2023-08-11,GBP,1.227321
2023-08-11,BRL,0.208193
2023-08-11,JPY,0.006369
2023-08-12,USD,1.0
2023-08-12,EUR,1.100211
2023-08-12,GBP,1.22231
2023-08-12,BRL,0.209796
2023-08-12,JPY,0.006328
2023-08-13,USD,1.0
2023-08-13,EUR,1.106855
2023-08-13,GBP,1.220093
2023-08-13,BRL,0.205115
2023-08-13,JPY,0.006305
2023-08-14,USD,1.0
2023-08-14,EUR,1.109872
2023-08-14,GBP,1.220837
2023-08-14,BRL,0.195635
2023-08-14,JPY,0.006301
2023-08-15,USD,1.0
2023-08-15,EUR,1.108855
2023-08-15,GBP,1.224485
2023-08-15,BRL,0.184365
2023-08-15,JPY,0.006315
2023-08-16,USD,1.0
2023-08-16,EUR,1.103941
2023-08-16,GBP,1.230767
2023-08-16,BRL,0.174885
2023-08-16,JPY,0.006347
2023-08-17,USD,1.0
2023-08-17,EUR,1.095793
2023-08-17,GBP,1.239217
2023-08-17,BRL,0.170204
2023-08-17,JPY,0.006395
2023-08-18,USD,1.0
2023-08-18,EUR,1.085512
2023-08-18,GBP,1.249208
2023-08-18,BRL,0.171807
2023-08-18,JPY,0.006458
2023-08-19,USD,1.0
2023-08-19,EUR,1.074488
2023-08-19,GBP,1.26
2023-08-19,BRL,0.179187
2023-08-19,JPY,0.006532
2023-08-20,USD,1.0
2023-08-20,EUR,1.064207
2023-08-20,GBP,1.270792
2023-08-20,BRL,0.19
2023-08-20,JPY,0.006614
2023-08-21,USD,1.0
2023-08-21,EUR,1.056059
2023-08-21,GBP,1.280783
2023-08-21,BRL,0.200813
2023-08-21,JPY,0.0067
2023-08-22,USD,1.0
2023-08-22,EUR,1.051145
2023-08-22,GBP,1.289233
2023-08-22,BRL,0.208193
2023-08-22,JPY,0.006786
2023-08-23,USD,1.0
2023-08-23,EUR,1.050128
2023-08-23,GBP,1.295515
2023-08-23,BRL,0.209796
2023-08-23,JPY,0.006868
2023-08-24,USD,1.0
2023-08-24,EUR,1.053145
2023-08-24,GBP,1.299163
2023-08-24,BRL,0.205115
2023-08-24,JPY,0.006942
2023-08-25,USD,1.0
2023-08-25,EUR,1.059789
2023-08-25,GBP,1.299907
2023-08-25,BRL,0.195635
2023-08-25,JPY,0.007005
2023-08-26,USD,1.0
2023-08-26,EUR,1.069163
2023-08-26,GBP,1.29769
2023-08-26,BRL,0.184365
2023-08-26,JPY,0.007053
2023-08-27,USD,1.0
2023-08-27,EUR,1.08
2023-08-27,GBP,1.292679
2023-08-27,BRL,0.174885
2023-08-27,JPY,0.007085
2023-08-28,USD,1.0
2023-08-28,EUR,1.090837
2023-08-28,GBP,1.285244
2023-08-28,BRL,0.170204
2023-08-28,JPY,0.007099
2023-08-29,USD,1.0
2023-08-29,EUR,1.100211
2023-08-29,GBP,1.275936
2023-08-29,BRL,0.171807
2023-08-29,JPY,0.007095
2023-08-30,USD,1.0
2023-08-30,EUR,1.106855
2023-08-30,GBP,1.265447
2023-08-30,BRL,0.179187
2023-08-30,JPY,0.007072
2023-08-31,USD,1.0
2023-08-31,EUR,1.109872
2023-08-31,GBP,1.254553
2023-08-31,BRL,0.19
2023-08-31,JPY,0.007031
2023-09-01,USD,1.0
2023-09-01,EUR,1.108855
2023-09-01,GBP,1.244064
2023-09-01,BRL,0.200813
2023-09-01,JPY,0.006975
2023-09-02,USD,1.0
2023-09-02,EUR,1.103941
2023-09-02,GBP,1.234756
2023-09-02,BRL,0.208193
2023-09-02,JPY,0.006906
2023-09-03,USD,1.0
2023-09-03,EUR,1.095793
2023-09-03,GBP,1.227321
2023-09-03,BRL,0.209796
2023-09-03,JPY,0.006828
2023-09-04,USD,1.0
2023-09-04,EUR,1.085512
2023-09-04,GBP,1.22231
2023-09-04,BRL,0.205115
2023-09-04,JPY,0.006743
2023-09-05,USD,1.0
2023-09-05,EUR,1.074488
2023-09-05,GBP,1.220093
2023-09-05,BRL,0.195635
2023-09-05,JPY,0.006657
2023-09-06,USD,1.0
2023-09-06,EUR,1.064207
2023-09-06,GBP,1.220837
2023-09-06,BRL,0.184365
2023-09-06,JPY,0.006572
2023-09-07,USD,1.0
2023-09-07,EUR,1.056059
2023-09-07,GBP,1.224485
2023-09-07,BRL,0.174885
2023-09-07,JPY,0.006494
2023-09-08,USD,1.0
2023-09-08,EUR,1.051145
2023-09-08,GBP,1.230767
2023-09-08,BRL,0.170204
2023-09-08,JPY,0.006425
2023-09-09,USD,1.0
2023-09-09,EUR,1.050128
2023-09-09,GBP,1.239217
2023-09-09,BRL,0.171807
2023-09-09,JPY,0.006369
2023-09-10,USD,1.0
2023-09-10,EUR,1.053145
2023-09-10,GBP,1.249208
2023-09-10,BRL,0.179187
2023-09-10,JPY,0.006328
2023-09-11,USD,1.0
2023-09-11,EUR,1.059789
2023-09-11,GBP,1.26
2023-09-11,BRL,0.19
2023-09-11,JPY,0.006305
2023-09-12,USD,1.0
2023-09-12,EUR,1.069163
2023-09-12,GBP,1.270792
2023-09-12,BRL,0.200813
2023-09-12,JPY,0.006301
2023-09-13,USD,1.0
2023-09-13,EUR,1.08
2023-09-13,GBP,1.280783
2023-09-13,BRL,0.208193
2023-09-13,JPY,0.006315
2023-09-14,USD,1.0
2023-09-14,EUR,1.090837
2023-09-14,GBP,1.289233
2023-09-14,BRL,0.209796
2023-09-14,JPY,0.006347
2023-09-15,USD,1.0
2023-09-15,EUR,1.100211
2023-09-15,GBP,1.295515
2023-09-15,BRL,0.205115
2023-09-15,JPY,0.006395
2023-09-16,USD,1.0
2023-09-16,EUR,1.106855
2023-09-16,GBP,1.299163
2023-09-16,BRL,0.195635
2023-09-16,JPY,0.006458
2023-09-17,USD,1.0
2023-09-17,EUR,1.109872
2023-09-17,GBP,1.299907
2023-09-17,BRL,0.184365
2023-09-17,JPY,0.006532
2023-09-18,USD,1.0
2023-09-18,EUR,1.108855
2023-09-18,GBP,1.29769
2023-09-18,BRL,0.174885
2023-09-18,JPY,0.006614
2023-09-19,USD,1.0
2023-09-19,EUR,1.103941
2023-09-19,GBP,1.292679
2023-09-19,BRL,0.170204
2023-09-19,JPY,0.0067
2023-09-20,USD,1.0
2023-09-20,EUR,1.095793
2023-09-20,GBP,1.285244
2023-09-20,BRL,0.171807
2023-09-20,JPY,0.006786
2023-09-21,USD,1.0
2023-09-21,EUR,1.085512
2023-09-21,GBP,1.275936
2023-09-21,BRL,0.179187
2023-09-21,JPY,0.006868
2023-09-22,USD,1.0
2023-09-22,EUR,1.074488
2023-09-22,GBP,1.265447
2023-09-22,BRL,0.19
2023-09-22,JPY,0.006942
2023-09-23,USD,1.0
2023-09-23,EUR,1.064207
2023-09-23,GBP,1.254553
2023-09-23,BRL,0.200813
2023-09-23,JPY,0.007005
2023-09-24,USD,1.0
2023-09-24,EUR,1.056059
2023-09-24,GBP,1.244064
2023-09-24,BRL,0.208193
2023-09-24,JPY,0.007053
2023-09-25,USD,1.0
2023-09-25,EUR,1.051145
2023-09-25,GBP,1.234756
2023-09-25,BRL,0.209796
2023-09-25,JPY,0.007085
2023-09-26,USD,1.0
2023-09-26,EUR,1.050128
2023-09-26,GBP,1.227321
2023-09-26,BRL,0.205115
2023-09-26,JPY,0.007099
2023-09-27,USD,1.0
2023-09-27,EUR,1.053145
2023-09-27,GBP,1.22231
2023-09-27,BRL,0.195635
2023-09-27,JPY,0.007095
2023-09-28,USD,1.0
2023-09-28,EUR,1.059789
2023-09-28,GBP,1.220093
2023-09-28,BRL,0.184365
2023-09-28,JPY,0.007072
2023-09-29,USD,1.0
2023-09-29,EUR,1.069163
2023-09-29,GBP,1.220837
2023-09-29,BRL,0.174885
2023-09-29,JPY,0.007031
2023-09-30,USD,1.0
2023-09-30,EUR,1.08
2023-09-30,GBP,1.224485
2023-09-30,BRL,0.170204
2023-09-30,JPY,0.006975
2023-10-01,USD,1.0
2023-10-01,EUR,1.090837
2023-10-01,GBP,1.230767
2023-10-01,BRL,0.171807
2023-10-01,JPY,0.006906
2023-10-02,USD,1.0
2023-10-02,EUR,1.100211
2023-10-02,GBP,1.239217
2023-10-02,BRL,0.179187
2023-10-02,JPY,0.006828
2023-10-03,USD,1.0
2023-10-03,EUR,1.106855
2023-10-03,GBP,1.249208
2023-10-03,BRL,0.19
2023-10-03,JPY,0.006743
2023-10-04,USD,1.0
2023-10-04,EUR,1.109872
2023-10-04,GBP,1.26
2023-10-04,BRL,0.200813
2023-10-04,JPY,0.006657
2023-10-05,USD,1.0
2023-10-05,EUR,1.108855
2023-10-05,GBP,1.270792
2023-10-05,BRL,0.208193
2023-10-05,JPY,0.006572
2023-10-06,USD,1.0
2023-10-06,EUR,1.103941
2023-10-06,GBP,1.280783
2023-10-06,BRL,0.209796
2023-10-06,JPY,0.006494
2023-10-07,USD,1.0
2023-10-07,EUR,1.095793
2023-10-07,GBP,1.289233
2023-10-07,BRL,0.205115
2023-10-07,JPY,0.006425
2023-10-08,USD,1.0
2023-10-08,EUR,1.085512
2023-10-08,GBP,1.295515
2023-10-08,BRL,0.195635
2023-10-08,JPY,0.006369
2023-10-09,USD,1.0
2023-10-09,EUR,1.074488
2023-10-09,GBP,1.299163
2023-10-09,BRL,0.184365
2023-10-09,JPY,0.006328
2023-10-10,USD,1.0
2023-10-10,EUR,1.064207
2023-10-10,GBP,1.299907
2023-10-10,BRL,0.174885
2023-10-10,JPY,0.006305
2023-10-11,USD,1.0
2023-10-11,EUR,1.056059
2023-10-11,GBP,1.29769
2023-10-11,BRL,0.170204
2023-10-11,JPY,0.006301
2023-10-12,USD,1.0
2023-10-12,EUR,1.051145
2023-10-12,GBP,1.292679
2023-10-12,BRL,0.171807
2023-10-12,JPY,0.006315
2023-10-13,USD,1.0
2023-10-13,EUR,1.050128
2023-10-13,GBP,1.285244
2023-10-13,BRL,0.179187
2023-10-13,JPY,0.006347
2023-10-14,USD,1.0
2023-10-14,EUR,1.053145
2023-10-14,GBP,1.275936
2023-10-14,BRL,0.19
2023-10-14,JPY,0.006395
2023-10-15,USD,1.0
2023-10-15,EUR,1.059789
2023-10-15,GBP,1.265447
2023-10-15,BRL,0.200813
2023-10-15,JPY,0.006458
2023-10-16,USD,1.0
2023-10-16,EUR,1.069163
2023-10-16,GBP,1.254553
2023-10-16,BRL,0.208193
2023-10-16,JPY,0.006532
2023-10-17,USD,1.0
2023-10-17,EUR,1.08
2023-10-17,GBP,1.244064
2023-10-17,BRL,0.209796
2023-10-17,JPY,0.006614
2023-10-18,USD,1.0
2023-10-18,EUR,1.090837
2023-10-18,GBP,1.234756
2023-10-18,BRL,0.205115
2023-10-18,JPY,0.0067
2023-10-19,USD,1.0
2023-10-19,EUR,1.100211
2023-10-19,GBP,1.227321
2023-10-19,BRL,0.195635
2023-10-19,JPY,0.006786
2023-10-20,USD,1.0
2023-10-20,EUR,1.106855
2023-10-20,GBP,1.22231
2023-10-20,BRL,0.184365
2023-10-20,JPY,0.006868
2023-10-21,USD,1.0
2023-10-21,EUR,1.109872
2023-10-21,GBP,1.220093
2023-10-21,BRL,0.174885
2023-10-21,JPY,0.006942
2023-10-22,USD,1.0
2023-10-22,EUR,1.108855
2023-10-22,GBP,1.220837
2023-10-22,BRL,0.170204
2023-10-22,JPY,0.007005
2023-10-23,USD,1.0
2023-10-23,EUR,1.103941
2023-10-23,GBP,1.224485
2023-10-23,BRL,0.171807
2023-10-23,JPY,0.007053
2023-10-24,USD,1.0
2023-10-24,EUR,1.095793
2023-10-24,GBP,1.230767
2023-10-24,BRL,0.179187
2023-10-24,JPY,0.007085
2023-10-25,USD,1.0
2023-10-25,EUR,1.085512
2023-10-25,GBP,1.239217
2023-10-25,BRL,0.19
2023-10-25,JPY,0.007099
2023-10-26,USD,1.0
2023-10-26,EUR,1.074488
2023-10-26,GBP,1.249208
2023-10-26,BRL,0.200813
2023-10-26,JPY,0.007095
2023-10-27,USD,1.0
2023-10-27,EUR,1.064207
2023-10-27,GBP,1.26
2023-10-27,BRL,0.208193
2023-10-27,JPY,0.007072
2023-10-28,USD,1.0
2023-10-28,EUR,1.056059
2023-10-28,GBP,1.270792
2023-10-28,BRL,0.209796
2023-10-28,JPY,0.007031
2023-10-29,USD,1.0
2023-10-29,EUR,1.051145
2023-10-29,GBP,1.280783
2023-10-29,BRL,0.205115
2023-10-29,JPY,0.006975
2023-10-30,USD,1.0
2023-10-30,EUR,1.050128
2023-10-30,GBP,1.289233
2023-10-30,BRL,0.195635
2023-10-30,JPY,0.006906
2023-10-31,USD,1.0
2023-10-31,EUR,1.053145
2023-10-31,GBP,1.295515
2023-10-31,BRL,0.184365
2023-10-31,JPY,0.006828
2023-11-01,USD,1.0
2023-11-01,EUR,1.059789
2023-11-01,GBP,1.299163
2023-11-01,BRL,0.174885
2023-11-01,JPY,0.006743
2023-11-02,USD,1.0
2023-11-02,EUR,1.069163
2023-11-02,GBP,1.299907
2023-11-02,BRL,0.170204
2023-11-02,JPY,0.006657
2023-11-03,USD,1.0
2023-11-03,EUR,1.08
2023-11-03,GBP,1.29769
2023-11-03,BRL,0.171807
2023-11-03,JPY,0.006572
2023-11-04,USD,1.0
2023-11-04,EUR,1.090837
2023-11-04,GBP,1.292679
2023-11-04,BRL,0.179187
2023-11-04,JPY,0.006494
2023-11-05,USD,1.0
2023-11-05,EUR,1.100211
2023-11-05,GBP,1.285244
2023-11-05,BRL,0.19
2023-11-05,JPY,0.006425
2023-11-06,USD,1.0
2023-11-06,EUR,1.106855
2023-11-06,GBP,1.275936
2023-11-06,BRL,0.200813
2023-11-06,JPY,0.006369
2023-11-07,USD,1.0
2023-11-07,EUR,1.109872
2023-11-07,GBP,1.265447
2023-11-07,BRL,0.208193
2023-11-07,JPY,0.006328
2023-11-08,USD,1.0
2023-11-08,EUR,1.108855
2023-11-08,GBP,1.254553
2023-11-08,BRL,0.209796
2023-11-08,JPY,0.006305
2023-11-09,USD,1.0
2023-11-09,EUR,1.103941
2023-11-09,GBP,1.244064
2023-11-09,BRL,0.205115
2023-11-09,JPY,0.006301
2023-11-10,USD,1.0
2023-11-10,EUR,1.095793
2023-11-10,GBP,1.234756
2023-11-10,BRL,0.195635
2023-11-10,JPY,0.006315
2023-11-11,USD,1.0
2023-11-11,EUR,1.085512
2023-11-11,GBP,1.227321
2023-11-11,BRL,0.184365
2023-11-11,JPY,0.006347
2023-11-12,USD,1.0
2023-11-12,EUR,1.074488
2023-11-12,GBP,1.22231
2023-11-12,BRL,0.174885
2023-11-12,JPY,0.006395
2023-11-13,USD,1.0
2023-11-13,EUR,1.064207
2023-11-13,GBP,1.220093
2023-11-13,BRL,0.170204
2023-11-13,JPY,0.006458
2023-11-14,USD,1.0
2023-11-14,EUR,1.056059
2023-11-14,GBP,1.220837
2023-11-14,BRL,0.171807
2023-11-14,JPY,0.006532
2023-11-15,USD,1.0
2023-11-15,EUR,1.051145
2023-11-15,GBP,1.224485
2023-11-15,BRL,0.179187
2023-11-15,JPY,0.006614
2023-11-16,USD,1.0
2023-11-16,EUR,1.050128
2023-11-16,GBP,1.230767
2023-11-16,BRL,0.19
2023-11-16,JPY,0.0067
2023-11-17,USD,1.0
2023-11-17,EUR,1.053145
2023-11-17,GBP,1.239217
2023-11-17,BRL,0.200813
2023-11-17,JPY,0.006786
2023-11-18,USD,1.0
2023-11-18,EUR,1.059789
2023-11-18,GBP,1.249208
2023-11-18,BRL,0.208193
2023-11-18,JPY,0.006868
2023-11-19,USD,1.0
2023-11-19,EUR,1.069163
2023-11-19,GBP,1.26
2023-11-19,BRL,0.209796
2023-11-19,JPY,0.006942
2023-11-20,USD,1.0
2023-11-20,EUR,1.08
2023-11-20,GBP,1.270792
2023-11-20,BRL,0.205115
2023-11-20,JPY,0.007005
2023-11-21,USD,1.0
2023-11-21,EUR,1.090837
2023-11-21,GBP,1.280783
2023-11-21,BRL,0.195635
2023-11-21,JPY,0.007053
2023-11-22,USD,1.0
2023-11-22,EUR,1.100211
2023-11-22,GBP,1.289233
2023-11-22,BRL,0.184365
2023-11-22,JPY,0.007085
2023-11-23,USD,1.0
2023-11-23,EUR,1.106855
2023-11-23,GBP,1.295515
2023-11-23,BRL,0.174885
2023-11-23,JPY,0.007099
2023-11-24,USD,1.0
2023-11-24,EUR,1.109872
2023-11-24,GBP,1.299163
2023-11-24,BRL,0.170204
2023-11-24,JPY,0.007095
2023-11-25,USD,1.0
2023-11-25,EUR,1.108855
2023-11-25,GBP,1.299907
2023-11-25,BRL,0.171807
2023-11-25,JPY,0.007072
2023-11-26,USD,1.0
2023-11-26,EUR,1.103941
2023-11-26,GBP,1.29769
2023-11-26,BRL,0.179187
2023-11-26,JPY,0.007031
2023-11-27,USD,1.0
2023-11-27,EUR,1.095793
2023-11-27,GBP,1.292679
2023-11-27,BRL,0.19
2023-11-27,JPY,0.006975
2023-11-28,USD,1.0
2023-11-28,EUR,1.085512
2023-11-28,GBP,1.285244
2023-11-28,BRL,0.200813
2023-11-28,JPY,0.006906
2023-11-29,USD,1.0
2023-11-29,EUR,1.074488
2023-11-29,GBP,1.275936
2023-11-29,BRL,0.208193
2023-11-29,JPY,0.006828
2023-11-30,USD,1.0
2023-11-30,EUR,1.064207
2023-11-30,GBP,1.265447
2023-11-30,BRL,0.209796
2023-11-30,JPY,0.006743
2023-12-01,USD,1.0
2023-12-01,EUR,1.056059
2023-12-01,GBP,1.254553
2023-12-01,BRL,0.205115
2023-12-01,JPY,0.006657
2023-12-02,USD,1.0
2023-12-02,EUR,1.051145
2023-12-02,GBP,1.244064
2023-12-02,BRL,0.195635
2023-12-02,JPY,0.006572
2023-12-03,USD,1.0
2023-12-03,EUR,1.050128
2023-12-03,GBP,1.234756
2023-12-03,BRL,0.184365
2023-12-03,JPY,0.006494
2023-12-04,USD,1.0
2023-12-04,EUR,1.053145
2023-12-04,GBP,1.227321
2023-12-04,BRL,0.174885
2023-12-04,JPY,0.006425
2023-12-05,USD,1.0
2023-12-05,EUR,1.059789
2023-12-05,GBP,1.22231
2023-12-05,BRL,0.170204
2023-12-05,JPY,0.006369
2023-12-06,USD,1.0
2023-12-06,EUR,1.069163
2023-12-06,GBP,1.220093
2023-12-06,BRL,0.171807
2023-12-06,JPY,0.006328
2023-12-07,USD,1.0
2023-12-07,EUR,1.08
2023-12-07,GBP,1.220837
2023-12-07,BRL,0.179187
2023-12-07,JPY,0.006305
2023-12-08,USD,1.0
2023-12-08,EUR,1.090837
2023-12-08,GBP,1.224485
2023-12-08,BRL,0.19
2023-12-08,JPY,0.006301
2023-12-09,USD,1.0
2023-12-09,EUR,1.100211
2023-12-09,GBP,1.230767
2023-12-09,BRL,0.200813
2023-12-09,JPY,0.006315
2023-12-10,USD,1.0
2023-12-10,EUR,1.106855
2023-12-10,GBP,1.239217
2023-12-10,BRL,0.208193
2023-12-10,JPY,0.006347
2023-12-11,USD,1.0
2023-12-11,EUR,1.109872
2023-12-11,GBP,1.249208
2023-12-11,BRL,0.209796
2023-12-11,JPY,0.006395
2023-12-12,USD,1.0
2023-12-12,EUR,1.108855
2023-12-12,GBP,1.26
2023-12-12,BRL,0.205115
2023-12-12,JPY,0.006458
2023-12-13,USD,1.0
2023-12-13,EUR,1.103941
2023-12-13,GBP,1.270792
2023-12-13,BRL,0.195635
2023-12-13,JPY,0.006532
2023-12-14,USD,1.0
2023-12-14,EUR,1.095793
2023-12-14,GBP,1.280783
2023-12-14,BRL,0.184365
2023-12-14,JPY,0.006614
2023-12-15,USD,1.0
2023-12-15,EUR,1.085512
2023-12-15,GBP,1.289233
2023-12-15,BRL,0.174885
2023-12-15,JPY,0.0067
2023-12-16,USD,1.0
2023-12-16,EUR,1.074488
2023-12-16,GBP,1.295515
2023-12-16,BRL,0.170204
2023-12-16,JPY,0.006786
2023-12-17,USD,1.0
2023-12-17,EUR,1.064207
2023-12-17,GBP,1.299163
2023-12-17,BRL,0.171807
2023-12-17,JPY,0.006868
2023-12-18,USD,1.0
2023-12-18,EUR,1.056059
2023-12-18,GBP,1.299907
2023-12-18,BRL,0.179187
2023-12-18,JPY,0.006942
2023-12-19,USD,1.0
2023-12-19,EUR,1.051145
2023-12-19,GBP,1.29769
2023-12-19,BRL,0.19
2023-12-19,JPY,0.007005
2023-12-20,USD,1.0
2023-12-20,EUR,1.050128
2023-12-20,GBP,1.292679
2023-12-20,BRL,0.200813
2023-12-20,JPY,0.007053
2023-12-21,USD,1.0
2023-12-21,EUR,1.053145
2023-12-21,GBP,1.285244
2023-12-21,BRL,0.208193
2023-12-21,JPY,0.007085
2023-12-22,USD,1.0
2023-12-22,EUR,1.059789
2023-12-22,GBP,1.275936
2023-12-22,BRL,0.209796
2023-12-22,JPY,0.007099
2023-12-23,USD,1.0
2023-12-23,EUR,1.069163
2023-12-23,GBP,1.265447
2023-12-23,BRL,0.205115
2023-12-23,JPY,0.007095
2023-12-24,USD,1.0
2023-12-24,EUR,1.08
2023-12-24,GBP,1.254553
2023-12-24,BRL,0.195635
2023-12-24,JPY,0.007072
2023-12-25,USD,1.0
2023-12-25,EUR,1.090837
2023-12-25,GBP,1.244064
2023-12-25,BRL,0.184365
2023-12-25,JPY,0.007031
2023-12-26,USD,1.0
2023-12-26,EUR,1.100211
2023-12-26,GBP,1.234756
2023-12-26,BRL,0.174885
2023-12-26,JPY,0.006975
2023-12-27,USD,1.0
2023-12-27,EUR,1.106855
2023-12-27,GBP,1.227321
2023-12-27,BRL,0.170204
2023-12-27,JPY,0.006906
2023-12-28,USD,1.0
2023-12-28,EUR,1.109872
2023-12-28,GBP,1.22231
2023-12-28,BRL,0.171807
2023-12-28,JPY,0.006828
2023-12-29,USD,1.0
2023-12-29,EUR,1.108855
2023-12-29,GBP,1.220093
2023-12-29,BRL,0.179187
2023-12-29,JPY,0.006743
2023-12-30,USD,1.0
2023-12-30,EUR,1.103941
2023-12-30,GBP,1.220837
2023-12-30,BRL,0.19
2023-12-30,JPY,0.006657
2023-12-31,USD,1.0
2023-12-31,EUR,1.095793
2023-12-31,GBP,1.224485
2023-12-31,BRL,0.200813
2023-12-31,JPY,0.006572
2024-01-01,USD,1.0
2024-01-01,EUR,1.085512
2024-01-01,GBP,1.230767
2024-01-01,BRL,0.208193
2024-01-01,JPY,0.006494
2024-01-02,USD,1.0
2024-01-02,EUR,1.074488
2024-01-02,GBP,1.239217
2024-01-02,BRL,0.209796
2024-01-02,JPY,0.006425
2024-01-03,USD,1.0
2024-01-03,EUR,1.064207
2024-01-03,GBP,1.249208
2024-01-03,BRL,0.205115
2024-01-03,JPY,0.006369
2024-01-04,USD,1.0
2024-01-04,EUR,1.056059
2024-01-04,GBP,1.26
2024-01-04,BRL,0.195635
2024-01-04,JPY,0.006328
2024-01-05,USD,1.0
2024-01-05,EUR,1.051145
2024-01-05,GBP,1.270792
2024-01-05,BRL,0.184365
2024-01-05,JPY,0.006305
2024-01-06,USD,1.0
2024-01-06,EUR,1.050128
2024-01-06,GBP,1.280783
2024-01-06,BRL,0.174885
2024-01-06,JPY,0.006301
2024-01-07,USD,1.0
2024-01-07,EUR,1.053145
2024-01-07,GBP,1.289233
2024-01-07,BRL,0.170204
2024-01-07,JPY,0.006315
2024-01-08,USD,1.0
2024-01-08,EUR,1.059789
2024-01-08,GBP,1.295515
2024-01-08,BRL,0.171807
2024-01-08,JPY,0.006347
2024-01-09,USD,1.0
2024-01-09,EUR,1.069163
2024-01-09,GBP,1.299163
2024-01-09,BRL,0.179187
2024-01-09,JPY,0.006395
2024-01-10,USD,1.0
2024-01-10,EUR,1.08
2024-01-10,GBP,1.299907
2024-01-10,BRL,0.19
2024-01-10,JPY,0.006458
2024-01-11,USD,1.0
2024-01-11,EUR,1.090837
2024-01-11,GBP,1.29769
2024-01-11,BRL,0.200813
2024-01-11,JPY,0.006532
2024-01-12,USD,1.0
2024-01-12,EUR,1.100211
2024-01-12,GBP,1.292679
2024-01-12,BRL,0.208193
2024-01-12,JPY,0.006614
2024-01-13,USD,1.0
2024-01-13,EUR,1.106855
2024-01-13,GBP,1.285244
2024-01-13,BRL,0.209796
2024-01-13,JPY,0.0067
2024-01-14,USD,1.0
2024-01-14,EUR,1.109872
2024-01-14,GBP,1.275936
2024-01-14,BRL,0.205115
2024-01-14,JPY,0.006786
2024-01-15,USD,1.0
2024-01-15,EUR,1.108855
2024-01-15,GBP,1.265447
2024-01-15,BRL,0.195635
2024-01-15,JPY,0.006868
2024-01-16,USD,1.0
2024-01-16,EUR,1.103941
2024-01-16,GBP,1.254553
2024-01-16,BRL,0.184365
2024-01-16,JPY,0.006942
2024-01-17,USD,1.0
2024-01-17,EUR,1.095793
2024-01-17,GBP,1.244064
2024-01-17,BRL,0.174885
2024-01-17,JPY,0.007005
2024-01-18,USD,1.0
2024-01-18,EUR,1.085512
2024-01-18,GBP,1.234756
2024-01-18,BRL,0.170204
2024-01-18,JPY,0.007053
2024-01-19,USD,1.0
2024-01-19,EUR,1.074488
2024-01-19,GBP,1.227321
2024-01-19,BRL,0.171807
2024-01-19,JPY,0.007085
2024-01-20,USD,1.0
2024-01-20,EUR,1.064207
2024-01-20,GBP,1.22231
2024-01-20,BRL,0.179187
2024-01-20,JPY,0.007099
2024-01-21,USD,1.0
2024-01-21,EUR,1.056059
2024-01-21,GBP,1.220093
2024-01-21,BRL,0.19
2024-01-21,JPY,0.007095
2024-01-22,USD,1.0
2024-01-22,EUR,1.051145
2024-01-22,GBP,1.220837
2024-01-22,BRL,0.200813
2024-01-22,JPY,0.007072
2024-01-23,USD,1.0
2024-01-23,EUR,1.050128
2024-01-23,GBP,1.224485
2024-01-23,BRL,0.208193
2024-01-23,JPY,0.007031
2024-01-24,USD,1.0
2024-01-24,EUR,1.053145
2024-01-24,GBP,1.230767
2024-01-24,BRL,0.209796
2024-01-24,JPY,0.006975
2024-01-25,USD,1.0
2024-01-25,EUR,1.059789
2024-01-25,GBP,1.239217
2024-01-25,BRL,0.205115
2024-01-25,JPY,0.006906
2024-01-26,USD,1.0
2024-01-26,EUR,1.069163
2024-01-26,GBP,1.249208
2024-01-26,BRL,0.195635
2024-01-26,JPY,0.006828
2024-01-27,USD,1.0
2024-01-27,EUR,1.08
2024-01-27,GBP,1.26
2024-01-27,BRL,0.184365
2024-01-27,JPY,0.006743
2024-01-28,USD,1.0
2024-01-28,EUR,1.090837
2024-01-28,GBP,1.270792
2024-01-28,BRL,0.174885
2024-01-28,JPY,0.006657
2024-01-29,USD,1.0
2024-01-29,EUR,1.100211
2024-01-29,GBP,1.280783
2024-01-29,BRL,0.170204
2024-01-29,JPY,0.006572
2024-01-30,USD,1.0
2024-01-30,EUR,1.106855
2024-01-30,GBP,1.289233
2024-01-30,BRL,0.171807
2024-01-30,JPY,0.006494
2024-01-31,USD,1.0
2024-01-31,EUR,1.109872
2024-01-31,GBP,1.295515
2024-01-31,BRL,0.179187
2024-01-31,JPY,0.006425
2024-02-01,USD,1.0
2024-02-01,EUR,1.108855
2024-02-01,GBP,1.299163
2024-02-01,BRL,0.19
2024-02-01,JPY,0.006369
2024-02-02,USD,1.0
2024-02-02,EUR,1.103941
2024-02-02,GBP,1.299907
2024-02-02,BRL,0.200813
2024-02-02,JPY,0.006328
2024-02-03,USD,1.0
2024-02-03,EUR,1.095793
2024-02-03,GBP,1.29769
2024-02-03,BRL,0.208193
2024-02-03,JPY,0.006305
2024-02-04,USD,1.0
2024-02-04,EUR,1.085512
2024-02-04,GBP,1.292679
2024-02-04,BRL,0.209796
2024-02-04,JPY,0.006301
2024-02-05,USD,1.0
2024-02-05,EUR,1.074488
2024-02-05,GBP,1.285244
2024-02-05,BRL,0.205115
2024-02-05,JPY,0.006315
2024-02-06,USD,1.0
2024-02-06,EUR,1.064207
2024-02-06,GBP,1.275936
2024-02-06,BRL,0.195635
2024-02-06,JPY,0.006347
2024-02-07,USD,1.0
2024-02-07,EUR,1.056059
2024-02-07,GBP,1.265447
2024-02-07,BRL,0.184365
2024-02-07,JPY,0.006395
2024-02-08,USD,1.0
2024-02-08,EUR,1.051145
2024-02-08,GBP,1.254553
2024-02-08,BRL,0.174885
2024-02-08,JPY,0.006458
2024-02-09,USD,1.0
2024-02-09,EUR,1.050128
2024-02-09,GBP,1.244064
2024-02-09,BRL,0.170204
2024-02-09,JPY,0.006532
2024-02-10,USD,1.0
2024-02-10,EUR,1.053145
2024-02-10,GBP,1.234756
2024-02-10,BRL,0.171807
2024-02-10,JPY,0.006614
2024-02-11,USD,1.0
2024-02-11,EUR,1.059789
2024-02-11,GBP,1.227321
2024-02-11,BRL,0.179187
2024-02-11,JPY,0.0067
2024-02-12,USD,1.0
2024-02-12,EUR,1.069163
2024-02-12,GBP,1.22231
2024-02-12,BRL,0.19
2024-02-12,JPY,0.006786
2024-02-13,USD,1.0
2024-02-13,EUR,1.08
2024-02-13,GBP,1.220093
2024-02-13,BRL,0.200813
2024-02-13,JPY,0.006868
2024-02-14,USD,1.0
2024-02-14,EUR,1.090837
2024-02-14,GBP,1.220837
2024-02-14,BRL,0.208193
2024-02-14,JPY,0.006942
2024-02-15,USD,1.0
2024-02-15,EUR,1.100211
2024-02-15,GBP,1.224485
2024-02-15,BRL,0.209796
2024-02-15,JPY,0.007005
2024-02-16,USD,1.0
2024-02-16,EUR,1.106855
2024-02-16,GBP,1.230767
2024-02-16,BRL,0.205115
2024-02-16,JPY,0.007053
2024-02-17,USD,1.0
2024-02-17,EUR,1.109872
2024-02-17,GBP,1.239217
2024-02-17,BRL,0.195635
2024-02-17,JPY,0.007085
2024-02-18,USD,1.0
2024-02-18,EUR,1.108855
2024-02-18,GBP,1.249208
2024-02-18,BRL,0.184365
2024-02-18,JPY,0.007099
2024-02-19,USD,1.0
2024-02-19,EUR,1.103941
2024-02-19,GBP,1.26
2024-02-19,BRL,0.174885
2024-02-19,JPY,0.007095
2024-02-20,USD,1.0
2024-02-20,EUR,1.095793
2024-02-20,GBP,1.270792
2024-02-20,BRL,0.170204
2024-02-20,JPY,0.007072
2024-02-21,USD,1.0
2024-02-21,EUR,1.085512
2024-02-21,GBP,1.280783
2024-02-21,BRL,0.171807
2024-02-21,JPY,0.007031
2024-02-22,USD,1.0
2024-02-22,EUR,1.074488
2024-02-22,GBP,1.289233
2024-02-22,BRL,0.179187
2024-02-22,JPY,0.006975
2024-02-23,USD,1.0
2024-02-23,EUR,1.064207
2024-02-23,GBP,1.295515
2024-02-23,BRL,0.19
2024-02-23,JPY,0.006906
2024-02-24,USD,1.0
2024-02-24,EUR,1.056059
2024-02-24,GBP,1.299163
2024-02-24,BRL,0.200813
2024-02-24,JPY,0.006828
2024-02-25,USD,1.0
2024-02-25,EUR,1.051145
2024-02-25,GBP,1.299907
2024-02-25,BRL,0.208193
2024-02-25,JPY,0.006743
2024-02-26,USD,1.0
2024-02-26,EUR,1.050128
2024-02-26,GBP,1.29769
2024-02-26,BRL,0.209796
2024-02-26,JPY,0.006657
2024-02-27,USD,1.0
2024-02-27,EUR,1.053145
2024-02-27,GBP,1.292679
2024-02-27,BRL,0.205115
2024-02-27,JPY,0.006572
2024-02-28,USD,1.0
2024-02-28,EUR,1.059789
2024-02-28,GBP,1.285244
2024-02-28,BRL,0.195635
2024-02-28,JPY,0.006494
2024-02-29,USD,1.0
2024-02-29,EUR,1.069163
2024-02-29,GBP,1.275936
2024-02-29,BRL,0.184365
2024-02-29,JPY,0.006425
2024-03-01,USD,1.0
2024-03-01,EUR,1.08
2024-03-01,GBP,1.265447
2024-03-01,BRL,0.174885
2024-03-01,JPY,0.006369
2024-03-02,USD,1.0
2024-03-02,EUR,1.090837
2024-03-02,GBP,1.254553
2024-03-02,BRL,0.170204
2024-03-02,JPY,0.006328
2024-03-03,USD,1.0
2024-03-03,EUR,1.100211
2024-03-03,GBP,1.244064
2024-03-03,BRL,0.171807
2024-03-03,JPY,0.006305
2024-03-04,USD,1.0
2024-03-04,EUR,1.106855
2024-03-04,GBP,1.234756
2024-03-04,BRL,0.179187
2024-03-04,JPY,0.006301
2024-03-05,USD,1.0
2024-03-05,EUR,1.109872
2024-03-05,GBP,1.227321
2024-03-05,BRL,0.19
2024-03-05,JPY,0.006315
2024-03-06,USD,1.0
2024-03-06,EUR,1.108855
2024-03-06,GBP,1.22231
2024-03-06,BRL,0.200813
2024-03-06,JPY,0.006347
2024-03-07,USD,1.0
2024-03-07,EUR,1.103941
2024-03-07,GBP,1.220093
2024-03-07,BRL,0.208193
2024-03-07,JPY,0.006395
2024-03-08,USD,1.0
2024-03-08,EUR,1.095793
2024-03-08,GBP,1.220837
2024-03-08,BRL,0.209796
2024-03-08,JPY,0.006458
2024-03-09,USD,1.0
2024-03-09,EUR,1.085512
2024-03-09,GBP,1.224485
2024-03-09,BRL,0.205115
2024-03-09,JPY,0.006532
2024-03-10,USD,1.0
2024-03-10,EUR,1.074488
2024-03-10,GBP,1.230767
2024-03-10,BRL,0.195635
2024-03-10,JPY,0.006614
2024-03-11,USD,1.0
2024-03-11,EUR,1.064207
2024-03-11,GBP,1.239217
2024-03-11,BRL,0.184365
2024-03-11,JPY,0.0067
2024-03-12,USD,1.0
2024-03-12,EUR,1.056059
2024-03-12,GBP,1.249208
2024-03-12,BRL,0.174885
2024-03-12,JPY,0.006786
2024-03-13,USD,1.0
2024-03-13,EUR,1.051145
2024-03-13,GBP,1.26
2024-03-13,BRL,0.170204
2024-03-13,JPY,0.006868
2024-03-14,USD,1.0
2024-03-14,EUR,1.050128
2024-03-14,GBP,1.270792
2024-03-14,BRL,0.171807
2024-03-14,JPY,0.006942
2024-03-15,USD,1.0
2024-03-15,EUR,1.053145
2024-03-15,GBP,1.280783
2024-03-15,BRL,0.179187
2024-03-15,JPY,0.007005
2024-03-16,USD,1.0
2024-03-16,EUR,1.059789
2024-03-16,GBP,1.289233
2024-03-16,BRL,0.19
2024-03-16,JPY,0.007053
2024-03-17,USD,1.0
2024-03-17,EUR,1.069163
2024-03-17,GBP,1.295515
2024-03-17,BRL,0.200813
2024-03-17,JPY,0.007085
2024-03-18,USD,1.0
2024-03-18,EUR,1.08
2024-03-18,GBP,1.299163
2024-03-18,BRL,0.208193
2024-03-18,JPY,0.007099
2024-03-19,USD,1.0
2024-03-19,EUR,1.090837
2024-03-19,GBP,1.299907
2024-03-19,BRL,0.209796
2024-03-19,JPY,0.007095
2024-03-20,USD,1.0
2024-03-20,EUR,1.100211
2024-03-20,GBP,1.29769
2024-03-20,BRL,0.205115
2024-03-20,JPY,0.007072
2024-03-21,USD,1.0
2024-03-21,EUR,1.106855
2024-03-21,GBP,1.292679
2024-03-21,BRL,0.195635
2024-03-21,JPY,0.007031
2024-03-22,USD,1.0
2024-03-22,EUR,1.109872
2024-03-22,GBP,1.285244
2024-03-22,BRL,0.184365
2024-03-22,JPY,0.006975
2024-03-23,USD,1.0
2024-03-23,EUR,1.108855
2024-03-23,GBP,1.275936
2024-03-23,BRL,0.174885
2024-03-23,JPY,0.006906
2024-03-24,USD,1.0
2024-03-24,EUR,1.103941
2024-03-24,GBP,1.265447
2024-03-24,BRL,0.170204
2024-03-24,JPY,0.006828
2024-03-25,USD,1.0
2024-03-25,EUR,1.095793
2024-03-25,GBP,1.254553
2024-03-25,BRL,0.171807
2024-03-25,JPY,0.006743
2024-03-26,USD,1.0
2024-03-26,EUR,1.085512
2024-03-26,GBP,1.244064
2024-03-26,BRL,0.179187
2024-03-26,JPY,0.006657
2024-03-27,USD,1.0
2024-03-27,EUR,1.074488
2024-03-27,GBP,1.234756
2024-03-27,BRL,0.19
2024-03-27,JPY,0.006572
2024-03-28,USD,1.0
2024-03-28,EUR,1.064207
2024-03-28,GBP,1.227321
2024-03-28,BRL,0.200813
2024-03-28,JPY,0.006494
2024-03-29,USD,1.0
2024-03-29,EUR,1.056059
2024-03-29,GBP,1.22231
2024-03-29,BRL,0.208193
2024-03-29,JPY,0.006425
2024-03-30,USD,1.0
2024-03-30,EUR,1.051145
2024-03-30,GBP,1.220093
2024-03-30,BRL,0.209796
2024-03-30,JPY,0.006369
2024-03-31,USD,1.0
2024-03-31,EUR,1.050128
2024-03-31,GBP,1.220837
2024-03-31,BRL,0.205115
2024-03-31,JPY,0.006328
2024-04-01,USD,1.0
2024-04-01,EUR,1.053145
2024-04-01,GBP,1.224485
2024-04-01,BRL,0.195635
2024-04-01,JPY,0.006305
2024-04-02,USD,1.0
2024-04-02,EUR,1.059789
2024-04-02,GBP,1.230767
2024-04-02,BRL,0.184365
2024-04-02,JPY,0.006301
2024-04-03,USD,1.0
2024-04-03,EUR,1.069163
2024-04-03,GBP,1.239217
2024-04-03,BRL,0.174885
2024-04-03,JPY,0.006315
2024-04-04,USD,1.0
2024-04-04,EUR,1.08
2024-04-04,GBP,1.249208
2024-04-04,BRL,0.170204
2024-04-04,JPY,0.006347
2024-04-05,USD,1.0
2024-04-05,EUR,1.090837
2024-04-05,GBP,1.26
2024-04-05,BRL,0.171807
2024-04-05,JPY,0.006395
2024-04-06,USD,1.0
2024-04-06,EUR,1.100211
2024-04-06,GBP,1.270792
2024-04-06,BRL,0.179187
2024-04-06,JPY,0.006458
2024-04-07,USD,1.0
2024-04-07,EUR,1.106855
2024-04-07,GBP,1.280783
2024-04-07,BRL,0.19
2024-04-07,JPY,0.006532
2024-04-08,USD,1.0
2024-04-08,EUR,1.109872
2024-04-08,GBP,1.289233
2024-04-08,BRL,0.200813
2024-04-08,JPY,0.006614
2024-04-09,USD,1.0
2024-04-09,EUR,1.108855
2024-04-09,GBP,1.295515
2024-04-09,BRL,0.208193
2024-04-09,JPY,0.0067
2024-04-10,USD,1.0
2024-04-10,EUR,1.103941
2024-04-10,GBP,1.299163
2024-04-10,BRL,0.209796
2024-04-10,JPY,0.006786
2024-04-11,USD,1.0
2024-04-11,EUR,1.095793
2024-04-11,GBP,1.299907
2024-04-11,BRL,0.205115
2024-04-11,JPY,0.006868
2024-04-12,USD,1.0
2024-04-12,EUR,1.085512
2024-04-12,GBP,1.29769
2024-04-12,BRL,0.195635
2024-04-12,JPY,0.006942
2024-04-13,USD,1.0
2024-04-13,EUR,1.074488
2024-04-13,GBP,1.292679
2024-04-13,BRL,0.184365
2024-04-13,JPY,0.007005
2024-04-14,USD,1.0
2024-04-14,EUR,1.064207
2024-04-14,GBP,1.285244
2024-04-14,BRL,0.174885
2024-04-14,JPY,0.007053
2024-04-15,USD,1.0
2024-04-15,EUR,1.056059
2024-04-15,GBP,1.275936
2024-04-15,BRL,0.170204
2024-04-15,JPY,0.007085
2024-04-16,USD,1.0
2024-04-16,EUR,1.051145
2024-04-16,GBP,1.265447
2024-04-16,BRL,0.171807
2024-04-16,JPY,0.007099
2024-04-17,USD,1.0
2024-04-17,EUR,1.050128
2024-04-17,GBP,1.254553
2024-04-17,BRL,0.179187
2024-04-17,JPY,0.007095
2024-04-18,USD,1.0
2024-04-18,EUR,1.053145
2024-04-18,GBP,1.244064
2024-04-18,BRL,0.19
2024-04-18,JPY,0.007072
2024-04-19,USD,1.0
2024-04-19,EUR,1.059789
2024-04-19,GBP,1.234756
2024-04-19,BRL,0.200813
2024-04-19,JPY,0.007031
2024-04-20,USD,1.0
2024-04-20,EUR,1.069163
2024-04-20,GBP,1.227321
2024-04-20,BRL,0.208193
2024-04-20,JPY,0.006975
2024-04-21,USD,1.0
2024-04-21,EUR,1.08
2024-04-21,GBP,1.22231
2024-04-21,BRL,0.209796
2024-04-21,JPY,0.006906
2024-04-22,USD,1.0
2024-04-22,EUR,1.090837
2024-04-22,GBP,1.220093
2024-04-22,BRL,0.205115
2024-04-22,JPY,0.006828
2024-04-23,USD,1.0
2024-04-23,EUR,1.100211
2024-04-23,GBP,1.220837
2024-04-23,BRL,0.195635
2024-04-23,JPY,0.006743
2024-04-24,USD,1.0
2024-04-24,EUR,1.106855
2024-04-24,GBP,1.224485
2024-04-24,BRL,0.184365
2024-04-24,JPY,0.006657
2024-04-25,USD,1.0
2024-04-25,EUR,1.109872
2024-04-25,GBP,1.230767
2024-04-25,BRL,0.174885
2024-04-25,JPY,0.006572
2024-04-26,USD,1.0
2024-04-26,EUR,1.108855
2024-04-26,GBP,1.239217
2024-04-26,BRL,0.170204
2024-04-26,JPY,0.006494
2024-04-27,USD,1.0
2024-04-27,EUR,1.103941
2024-04-27,GBP,1.249208
2024-04-27,BRL,0.171807
2024-04-27,JPY,0.006425
2024-04-28,USD,1.0
2024-04-28,EUR,1.095793
2024-04-28,GBP,1.26
2024-04-28,BRL,0.179187
2024-04-28,JPY,0.006369
2024-04-29,USD,1.0
2024-04-29,EUR,1.085512
2024-04-29,GBP,1.270792
2024-04-29,BRL,0.19
2024-04-29,JPY,0.006328
2024-04-30,USD,1.0
2024-04-30,EUR,1.074488
2024-04-30,GBP,1.280783
2024-04-30,BRL,0.200813
2024-04-30,JPY,0.006305
2024-05-01,USD,1.0
2024-05-01,EUR,1.064207
2024-05-01,GBP,1.289233
2024-05-01,BRL,0.208193
2024-05-01,JPY,0.006301
2024-05-02,USD,1.0
2024-05-02,EUR,1.056059
2024-05-02,GBP,1.295515
2024-05-02,BRL,0.209796
2024-05-02,JPY,0.006315
2024-05-03,USD,1.0
2024-05-03,EUR,1.051145
2024-05-03,GBP,1.299163
2024-05-03,BRL,0.205115
2024-05-03,JPY,0.006347
2024-05-04,USD,1.0
2024-05-04,EUR,1.050128
2024-05-04,GBP,1.299907
2024-05-04,BRL,0.195635
2024-05-04,JPY,0.006395
2024-05-05,USD,1.0
2024-05-05,EUR,1.053145
2024-05-05,GBP,1.29769
2024-05-05,BRL,0.184365
2024-05-05,JPY,0.006458
2024-05-06,USD,1.0
2024-05-06,EUR,1.059789
2024-05-06,GBP,1.292679
2024-05-06,BRL,0.174885
2024-05-06,JPY,0.006532
2024-05-07,USD,1.0
2024-05-07,EUR,1.069163
2024-05-07,GBP,1.285244
2024-05-07,BRL,0.170204
2024-05-07,JPY,0.006614
2024-05-08,USD,1.0
2024-05-08,EUR,1.08
2024-05-08,GBP,1.275936
2024-05-08,BRL,0.171807
2024-05-08,JPY,0.0067
2024-05-09,USD,1.0
2024-05-09,EUR,1.090837
2024-05-09,GBP,1.265447
2024-05-09,BRL,0.179187
2024-05-09,JPY,0.006786
2024-05-10,USD,1.0
2024-05-10,EUR,1.100211
2024-05-10,GBP,1.254553
2024-05-10,BRL,0.19
2024-05-10,JPY,0.006868
2024-05-11,USD,1.0
2024-05-11,EUR,1.106855
2024-05-11,GBP,1.244064
2024-05-11,BRL,0.200813
2024-05-11,JPY,0.006942
2024-05-12,USD,1.0
2024-05-12,EUR,1.109872
2024-05-12,GBP,1.234756
2024-05-12,BRL,0.208193
2024-05-12,JPY,0.007005
2024-05-13,USD,1.0
2024-05-13,EUR,1.108855
2024-05-13,GBP,1.227321
2024-05-13,BRL,0.209796
2024-05-13,JPY,0.007053
2024-05-14,USD,1.0
2024-05-14,EUR,1.103941
2024-05-14,GBP,1.22231
2024-05-14,BRL,0.205115
2024-05-14,JPY,0.007085
2024-05-15,USD,1.0
2024-05-15,EUR,1.095793
2024-05-15,GBP,1.220093
2024-05-15,BRL,0.195635
2024-05-15,JPY,0.007099
2024-05-16,USD,1.0
2024-05-16,EUR,1.085512
2024-05-16,GBP,1.220837
2024-05-16,BRL,0.184365
2024-05-16,JPY,0.007095
2024-05-17,USD,1.0
2024-05-17,EUR,1.074488
2024-05-17,GBP,1.224485
2024-05-17,BRL,0.174885
2024-05-17,JPY,0.007072
2024-05-18,USD,1.0
2024-05-18,EUR,1.064207
2024-05-18,GBP,1.230767
2024-05-18,BRL,0.170204
2024-05-18,JPY,0.007031
2024-05-19,USD,1.0
2024-05-19,EUR,1.056059
2024-05-19,GBP,1.239217
2024-05-19,BRL,0.171807
2024-05-19,JPY,0.006975
2024-05-20,USD,1.0
2024-05-20,EUR,1.051145
2024-05-20,GBP,1.249208
2024-05-20,BRL,0.179187
2024-05-20,JPY,0.006906
2024-05-21,USD,1.0
2024-05-21,EUR,1.050128
2024-05-21,GBP,1.26
2024-05-21,BRL,0.19
2024-05-21,JPY,0.006828
2024-05-22,USD,1.0
2024-05-22,EUR,1.053145
2024-05-22,GBP,1.270792
2024-05-22,BRL,0.200813
2024-05-22,JPY,0.006743
2024-05-23,USD,1.0
2024-05-23,EUR,1.059789
2024-05-23,GBP,1.280783
2024-05-23,BRL,0.208193
2024-05-23,JPY,0.006657
2024-05-24,USD,1.0
2024-05-24,EUR,1.069163
2024-05-24,GBP,1.289233
2024-05-24,BRL,0.209796
2024-05-24,JPY,0.006572
2024-05-25,USD,1.0
2024-05-25,EUR,1.08
2024-05-25,GBP,1.295515
2024-05-25,BRL,0.205115
2024-05-25,JPY,0.006494
2024-05-26,USD,1.0
2024-05-26,EUR,1.090837
2024-05-26,GBP,1.299163
2024-05-26,BRL,0.195635
2024-05-26,JPY,0.006425
2024-05-27,USD,1.0
2024-05-27,EUR,1.100211
2024-05-27,GBP,1.299907
2024-05-27,BRL,0.184365
2024-05-27,JPY,0.006369
2024-05-28,USD,1.0
2024-05-28,EUR,1.106855
2024-05-28,GBP,1.29769
2024-05-28,BRL,0.174885
2024-05-28,JPY,0.006328
2024-05-29,USD,1.0
2024-05-29,EUR,1.109872
2024-05-29,GBP,1.292679
2024-05-29,BRL,0.170204
2024-05-29,JPY,0.006305
2024-05-30,USD,1.0
2024-05-30,EUR,1.108855
2024-05-30,GBP,1.285244
2024-05-30,BRL,0.171807
2024-05-30,JPY,0.006301
2024-05-31,USD,1.0
2024-05-31,EUR,1.103941
2024-05-31,GBP,1.275936
2024-05-31,BRL,0.179187
2024-05-31,JPY,0.006315
2024-06-01,USD,1.0
2024-06-01,EUR,1.095793
2024-06-01,GBP,1.265447
2024-06-01,BRL,0.19
2024-06-01,JPY,0.006347
2024-06-02,USD,1.0
2024-06-02,EUR,1.085512
2024-06-02,GBP,1.254553
2024-06-02,BRL,0.200813
2024-06-02,JPY,0.006395
2024-06-03,USD,1.0
2024-06-03,EUR,1.074488
2024-06-03,GBP,1.244064
2024-06-03,BRL,0.208193
2024-06-03,JPY,0.006458
2024-06-04,USD,1.0
2024-06-04,EUR,1.064207
2024-06-04,GBP,1.234756
2024-06-04,BRL,0.209796
2024-06-04,JPY,0.006532
2024-06-05,USD,1.0
2024-06-05,EUR,1.056059
2024-06-05,GBP,1.227321
2024-06-05,BRL,0.205115
2024-06-05,JPY,0.006614
2024-06-06,USD,1.0
2024-06-06,EUR,1.051145
2024-06-06,GBP,1.22231
2024-06-06,BRL,0.195635
2024-06-06,JPY,0.0067
2024-06-07,USD,1.0
2024-06-07,EUR,1.050128
2024-06-07,GBP,1.220093
2024-06-07,BRL,0.184365
2024-06-07,JPY,0.006786
2024-06-08,USD,1.0
2024-06-08,EUR,1.053145
2024-06-08,GBP,1.220837
2024-06-08,BRL,0.174885
2024-06-08,JPY,0.006868
2024-06-09,USD,1.0
2024-06-09,EUR,1.059789
2024-06-09,GBP,1.224485
2024-06-09,BRL,0.170204
2024-06-09,JPY,0.006942
2024-06-10,USD,1.0
2024-06-10,EUR,1.069163
2024-06-10,GBP,1.230767
2024-06-10,BRL,0.171807
2024-06-10,JPY,0.007005
2024-06-11,USD,1.0
2024-06-11,EUR,1.08
2024-06-11,GBP,1.239217
2024-06-11,BRL,0.179187
2024-06-11,JPY,0.007053
2024-06-12,USD,1.0
2024-06-12,EUR,1.090837
2024-06-12,GBP,1.249208
2024-06-12,BRL,0.19
2024-06-12,JPY,0.007085
2024-06-13,USD,1.0
2024-06-13,EUR,1.100211
2024-06-13,GBP,1.26
2024-06-13,BRL,0.200813
2024-06-13,JPY,0.007099
2024-06-14,USD,1.0
2024-06-14,EUR,1.106855
2024-06-14,GBP,1.270792
2024-06-14,BRL,0.208193
2024-06-14,JPY,0.007095
2024-06-15,USD,1.0
2024-06-15,EUR,1.109872
2024-06-15,GBP,1.280783
2024-06-15,BRL,0.209796
2024-06-15,JPY,0.007072
2024-06-16,USD,1.0
2024-06-16,EUR,1.108855
2024-06-16,GBP,1.289233
2024-06-16,BRL,0.205115
2024-06-16,JPY,0.007031
2024-06-17,USD,1.0
2024-06-17,EUR,1.103941
2024-06-17,GBP,1.295515
2024-06-17,BRL,0.195635
2024-06-17,JPY,0.006975
2024-06-18,USD,1.0
2024-06-18,EUR,1.095793
2024-06-18,GBP,1.299163
2024-06-18,BRL,0.184365
2024-06-18,JPY,0.006906
2024-06-19,USD,1.0
2024-06-19,EUR,1.085512
2024-06-19,GBP,1.299907
2024-06-19,BRL,0.174885
2024-06-19,JPY,0.006828
2024-06-20,USD,1.0
2024-06-20,EUR,1.074488
2024-06-20,GBP,1.29769
2024-06-20,BRL,0.170204
2024-06-20,JPY,0.006743
2024-06-21,USD,1.0
2024-06-21,EUR,1.064207
2024-06-21,GBP,1.292679
2024-06-21,BRL,0.171807
2024-06-21,JPY,0.006657
2024-06-22,USD,1.0
2024-06-22,EUR,1.056059
2024-06-22,GBP,1.285244
2024-06-22,BRL,0.179187
2024-06-22,JPY,0.006572
2024-06-23,USD,1.0
2024-06-23,EUR,1.051145
2024-06-23,GBP,1.275936
2024-06-23,BRL,0.19
2024-06-23,JPY,0.006494
2024-06-24,USD,1.0
2024-06-24,EUR,1.050128
2024-06-24,GBP,1.265447
2024-06-24,BRL,0.200813
2024-06-24,JPY,0.006425
2024-06-25,USD,1.0
2024-06-25,EUR,1.053145
2024-06-25,GBP,1.254553
2024-06-25,BRL,0.208193
2024-06-25,JPY,0.006369
2024-06-26,USD,1.0
2024-06-26,EUR,1.059789
2024-06-26,GBP,1.244064
2024-06-26,BRL,0.209796
2024-06-26,JPY,0.006328
2024-06-27,USD,1.0
2024-06-27,EUR,1.069163
2024-06-27,GBP,1.234756
2024-06-27,BRL,0.205115
2024-06-27,JPY,0.006305
2024-06-28,USD,1.0
2024-06-28,EUR,1.08
2024-06-28,GBP,1.227321
2024-06-28,BRL,0.195635
2024-06-28,JPY,0.006301
2024-06-29,USD,1.0
2024-06-29,EUR,1.090837
2024-06-29,GBP,1.22231
2024-06-29,BRL,0.184365
2024-06-29,JPY,0.006315
2024-06-30,USD,1.0
2024-06-30,EUR,1.100211
2024-06-30,GBP,1.220093
2024-06-30,BRL,0.174885
2024-06-30,JPY,0.006347
2024-07-01,USD,1.0
2024-07-01,EUR,1.106855
2024-07-01,GBP,1.220837
2024-07-01,BRL,0.170204
2024-07-01,JPY,0.006395
2024-07-02,USD,1.0
2024-07-02,EUR,1.109872
2024-07-02,GBP,1.224485
2024-07-02,BRL,0.171807
2024-07-02,JPY,0.006458
2024-07-03,USD,1.0
2024-07-03,EUR,1.108855
2024-07-03,GBP,1.230767
2024-07-03,BRL,0.179187
2024-07-03,JPY,0.006532
2024-07-04,USD,1.0
2024-07-04,EUR,1.103941
2024-07-04,GBP,1.239217
2024-07-04,BRL,0.19
2024-07-04,JPY,0.006614
2024-07-05,USD,1.0
2024-07-05,EUR,1.095793
2024-07-05,GBP,1.249208
2024-07-05,BRL,0.200813
2024-07-05,JPY,0.0067
2024-07-06,USD,1.0
2024-07-06,EUR,1.085512
2024-07-06,GBP,1.26
2024-07-06,BRL,0.208193
2024-07-06,JPY,0.006786
2024-07-07,USD,1.0
2024-07-07,EUR,1.074488
2024-07-07,GBP,1.270792
2024-07-07,BRL,0.209796
2024-07-07,JPY,0.006868
2024-07-08,USD,1.0
2024-07-08,EUR,1.064207
2024-07-08,GBP,1.280783
2024-07-08,BRL,0.205115
2024-07-08,JPY,0.006942
2024-07-09,USD,1.0
2024-07-09,EUR,1.056059
2024-07-09,GBP,1.289233
2024-07-09,BRL,0.195635
2024-07-09,JPY,0.007005
2024-07-10,USD,1.0
2024-07-10,EUR,1.051145
2024-07-10,GBP,1.295515
2024-07-10,BRL,0.184365
2024-07-10,JPY,0.007053
2024-07-11,USD,1.0
2024-07-11,EUR,1.050128
2024-07-11,GBP,1.299163
2024-07-11,BRL,0.174885
2024-07-11,JPY,0.007085
2024-07-12,USD,1.0
2024-07-12,EUR,1.053145
2024-07-12,GBP,1.299907
2024-07-12,BRL,0.170204
2024-07-12,JPY,0.007099
2024-07-13,USD,1.0
2024-07-13,EUR,1.059789
2024-07-13,GBP,1.29769
2024-07-13,BRL,0.171807
2024-07-13,JPY,0.007095
2024-07-14,USD,1.0
2024-07-14,EUR,1.069163
2024-07-14,GBP,1.292679
2024-07-14,BRL,0.179187
2024-07-14,JPY,0.007072
2024-07-15,USD,1.0
2024-07-15,EUR,1.08
2024-07-15,GBP,1.285244
2024-07-15,BRL,0.19
2024-07-15,JPY,0.007031
2024-07-16,USD,1.0
2024-07-16,EUR,1.090837
2024-07-16,GBP,1.275936
2024-07-16,BRL,0.200813
2024-07-16,JPY,0.006975
2024-07-17,USD,1.0
2024-07-17,EUR,1.100211
2024-07-17,GBP,1.265447
2024-07-17,BRL,0.208193
2024-07-17,JPY,0.006906
2024-07-18,USD,1.0
2024-07-18,EUR,1.106855
2024-07-18,GBP,1.254553
2024-07-18,BRL,0.209796
2024-07-18,JPY,0.006828
2024-07-19,USD,1.0
2024-07-19,EUR,1.109872
2024-07-19,GBP,1.244064
2024-07-19,BRL,0.205115
2024-07-19,JPY,0.006743
2024-07-20,USD,1.0
2024-07-20,EUR,1.108855
2024-07-20,GBP,1.234756
2024-07-20,BRL,0.195635
2024-07-20,JPY,0.006657
2024-07-21,USD,1.0
2024-07-21,EUR,1.103941
2024-07-21,GBP,1.227321
2024-07-21,BRL,0.184365
2024-07-21,JPY,0.006572
2024-07-22,USD,1.0
2024-07-22,EUR,1.095793
2024-07-22,GBP,1.22231
2024-07-22,BRL,0.174885
2024-07-22,JPY,0.006494
2024-07-23,USD,1.0
2024-07-23,EUR,1.085512
2024-07-23,GBP,1.220093
2024-07-23,BRL,0.170204
2024-07-23,JPY,0.006425
2024-07-24,USD,1.0
2024-07-24,EUR,1.074488
2024-07-24,GBP,1.220837
2024-07-24,BRL,0.171807
2024-07-24,JPY,0.006369
2024-07-25,USD,1.0
2024-07-25,EUR,1.064207
2024-07-25,GBP,1.224485
2024-07-25,BRL,0.179187
2024-07-25,JPY,0.006328
2024-07-26,USD,1.0
2024-07-26,EUR,1.056059
2024-07-26,GBP,1.230767
2024-07-26,BRL,0.19
2024-07-26,JPY,0.006305
2024-07-27,USD,1.0
2024-07-27,EUR,1.051145
2024-07-27,GBP,1.239217
2024-07-27,BRL,0.200813
2024-07-27,JPY,0.006301
2024-07-28,USD,1.0
2024-07-28,EUR,1.050128
2024-07-28,GBP,1.249208
2024-07-28,BRL,0.208193
2024-07-28,JPY,0.006315
2024-07-29,USD,1.0
2024-07-29,EUR,1.053145
2024-07-29,GBP,1.26
2024-07-29,BRL,0.209796
2024-07-29,JPY,0.006347
2024-07-30,USD,1.0
2024-07-30,EUR,1.059789
2024-07-30,GBP,1.270792
2024-07-30,BRL,0.205115
2024-07-30,JPY,0.006395
2024-07-31,USD,1.0
2024-07-31,EUR,1.069163
2024-07-31,GBP,1.280783
2024-07-31,BRL,0.195635
2024-07-31,JPY,0.006458
2024-08-01,USD,1.0
2024-08-01,EUR,1.08
2024-08-01,GBP,1.289233
2024-08-01,BRL,0.184365
2024-08-01,JPY,0.006532
2024-08-02,USD,1.0
2024-08-02,EUR,1.090837
2024-08-02,GBP,1.295515
2024-08-02,BRL,0.174885
2024-08-02,JPY,0.006614
2024-08-03,USD,1.0
2024-08-03,EUR,1.100211
2024-08-03,GBP,1.299163
2024-08-03,BRL,0.170204
2024-08-03,JPY,0.0067
2024-08-04,USD,1.0
2024-08-04,EUR,1.106855
2024-08-04,GBP,1.299907
2024-08-04,BRL,0.171807
2024-08-04,JPY,0.006786
2024-08-05,USD,1.0
2024-08-05,EUR,1.109872
2024-08-05,GBP,1.29769
2024-08-05,BRL,0.179187
2024-08-05,JPY,0.006868
2024-08-06,USD,1.0
2024-08-06,EUR,1.108855
2024-08-06,GBP,1.292679
2024-08-06,BRL,0.19
2024-08-06,JPY,0.006942
2024-08-07,USD,1.0
2024-08-07,EUR,1.103941
2024-08-07,GBP,1.285244
2024-08-07,BRL,0.200813
2024-08-07,JPY,0.007005
2024-08-08,USD,1.0
2024-08-08,EUR,1.095793
2024-08-08,GBP,1.275936
2024-08-08,BRL,0.208193
2024-08-08,JPY,0.007053
2024-08-09,USD,1.0
2024-08-09,EUR,1.085512
2024-08-09,GBP,1.265447
2024-08-09,BRL,0.209796
2024-08-09,JPY,0.007085
2024-08-10,USD,1.0
2024-08-10,EUR,1.074488
2024-08-10,GBP,1.254553
2024-08-10,BRL,0.205115
2024-08-10,JPY,0.007099
2024-08-11,USD,1.0
2024-08-11,EUR,1.064207
2024-08-11,GBP,1.244064
2024-08-11,BRL,0.195635
2024-08-11,JPY,0.007095
2024-08-12,USD,1.0
2024-08-12,EUR,1.056059
2024-08-12,GBP,1.234756
2024-08-12,BRL,0.184365
2024-08-12,JPY,0.007072
2024-08-13,USD,1.0
2024-08-13,EUR,1.051145
2024-08-13,GBP,1.227321
2024-08-13,BRL,0.174885
2024-08-13,JPY,0.007031
2024-08-14,USD,1.0
2024-08-14,EUR,1.050128
2024-08-14,GBP,1.22231
2024-08-14,BRL,0.170204
2024-08-14,JPY,0.006975
2024-08-15,USD,1.0
2024-08-15,EUR,1.053145
2024-08-15,GBP,1.220093
2024-08-15,BRL,0.171807
2024-08-15,JPY,0.006906
2024-08-16,USD,1.0
2024-08-16,EUR,1.059789
2024-08-16,GBP,1.220837
2024-08-16,BRL,0.179187
2024-08-16,JPY,0.006828
2024-08-17,USD,1.0
2024-08-17,EUR,1.069163
2024-08-17,GBP,1.224485
2024-08-17,BRL,0.19
2024-08-17,JPY,0.006743
2024-08-18,USD,1.0
2024-08-18,EUR,1.08
2024-08-18,GBP,1.230767
2024-08-18,BRL,0.200813
2024-08-18,JPY,0.006657
2024-08-19,USD,1.0
2024-08-19,EUR,1.090837
2024-08-19,GBP,1.239217
2024-08-19,BRL,0.208193
2024-08-19,JPY,0.006572
2024-08-20,USD,1.0
2024-08-20,EUR,1.100211
2024-08-20,GBP,1.249208
2024-08-20,BRL,0.209796
2024-08-20,JPY,0.006494
2024-08-21,USD,1.0
2024-08-21,EUR,1.106855
2024-08-21,GBP,1.26
2024-08-21,BRL,0.205115
2024-08-21,JPY,0.006425
2024-08-22,USD,1.0
2024-08-22,EUR,1.109872
2024-08-22,GBP,1.270792
2024-08-22,BRL,0.195635
2024-08-22,JPY,0.006369
2024-08-23,USD,1.0
2024-08-23,EUR,1.108855
2024-08-23,GBP,1.280783
2024-08-23,BRL,0.184365
2024-08-23,JPY,0.006328
2024-08-24,USD,1.0
2024-08-24,EUR,1.103941
2024-08-24,GBP,1.289233
2024-08-24,BRL,0.174885
2024-08-24,JPY,0.006305
2024-08-25,USD,1.0
2024-08-25,EUR,1.095793
2024-08-25,GBP,1.295515
2024-08-25,BRL,0.170204
2024-08-25,JPY,0.006301
2024-08-26,USD,1.0
2024-08-26,EUR,1.085512
2024-08-26,GBP,1.299163
2024-08-26,BRL,0.171807
2024-08-26,JPY,0.006315
2024-08-27,USD,1.0
2024-08-27,EUR,1.074488
2024-08-27,GBP,1.299907
2024-08-27,BRL,0.179187
2024-08-27,JPY,0.006347
2024-08-28,USD,1.0
2024-08-28,EUR,1.064207
2024-08-28,GBP,1.29769
2024-08-28,BRL,0.19
2024-08-28,JPY,0.006395
2024-08-29,USD,1.0
2024-08-29,EUR,1.056059
2024-08-29,GBP,1.292679
2024-08-29,BRL,0.200813
2024-08-29,JPY,0.006458
2024-08-30,USD,1.0
2024-08-30,EUR,1.051145
2024-08-30,GBP,1.285244
2024-08-30,BRL,0.208193
2024-08-30,JPY,0.006532
2024-08-31,USD,1.0
2024-08-31,EUR,1.050128
2024-08-31,GBP,1.275936
2024-08-31,BRL,0.209796
2024-08-31,JPY,0.006614
2024-09-01,USD,1.0
2024-09-01,EUR,1.053145
2024-09-01,GBP,1.265447
2024-09-01,BRL,0.205115
2024-09-01,JPY,0.0067
2024-09-02,USD,1.0
2024-09-02,EUR,1.059789
2024-09-02,GBP,1.254553
2024-09-02,BRL,0.195635
2024-09-02,JPY,0.006786
2024-09-03,USD,1.0
2024-09-03,EUR,1.069163
2024-09-03,GBP,1.244064
2024-09-03,BRL,0.184365
2024-09-03,JPY,0.006868
2024-09-04,USD,1.0
2024-09-04,EUR,1.08
2024-09-04,GBP,1.234756
2024-09-04,BRL,0.174885
2024-09-04,JPY,0.006942
2024-09-05,USD,1.0
2024-09-05,EUR,1.090837
2024-09-05,GBP,1.227321
2024-09-05,BRL,0.170204
2024-09-05,JPY,0.007005
2024-09-06,USD,1.0
2024-09-06,EUR,1.100211
2024-09-06,GBP,1.22231
2024-09-06,BRL,0.171807
2024-09-06,JPY,0.007053
2024-09-07,USD,1.0
2024-09-07,EUR,1.106855
2024-09-07,GBP,1.220093
2024-09-07,BRL,0.179187
2024-09-07,JPY,0.007085
2024-09-08,USD,1.0
2024-09-08,EUR,1.109872
2024-09-08,GBP,1.220837
2024-09-08,BRL,0.19
2024-09-08,JPY,0.007099
2024-09-09,USD,1.0
2024-09-09,EUR,1.108855
2024-09-09,GBP,1.224485
2024-09-09,BRL,0.200813
2024-09-09,JPY,0.007095
2024-09-10,USD,1.0
2024-09-10,EUR,1.103941
2024-09-10,GBP,1.230767
2024-09-10,BRL,0.208193
2024-09-10,JPY,0.007072
2024-09-11,USD,1.0
2024-09-11,EUR,1.095793
2024-09-11,GBP,1.239217
2024-09-11,BRL,0.209796
2024-09-11,JPY,0.007031
2024-09-12,USD,1.0
2024-09-12,EUR,1.085512
2024-09-12,GBP,1.249208
2024-09-12,BRL,0.205115
2024-09-12,JPY,0.006975
2024-09-13,USD,1.0
2024-09-13,EUR,1.074488
2024-09-13,GBP,1.26
2024-09-13,BRL,0.195635
2024-09-13,JPY,0.006906
2024-09-14,USD,1.0
2024-09-14,EUR,1.064207
2024-09-14,GBP,1.270792
2024-09-14,BRL,0.184365
2024-09-14,JPY,0.006828
2024-09-15,USD,1.0
2024-09-15,EUR,1.056059
2024-09-15,GBP,1.280783
2024-09-15,BRL,0.174885
2024-09-15,JPY,0.006743
2024-09-16,USD,1.0
2024-09-16,EUR,1.051145
2024-09-16,GBP,1.289233
2024-09-16,BRL,0.170204
2024-09-16,JPY,0.006657
2024-09-17,USD,1.0
2024-09-17,EUR,1.050128
2024-09-17,GBP,1.295515
2024-09-17,BRL,0.171807
2024-09-17,JPY,0.006572
2024-09-18,USD,1.0
2024-09-18,EUR,1.053145
2024-09-18,GBP,1.299163
2024-09-18,BRL,0.179187
2024-09-18,JPY,0.006494
2024-09-19,USD,1.0
2024-09-19,EUR,1.059789
2024-09-19,GBP,1.299907
2024-09-19,BRL,0.19
2024-09-19,JPY,0.006425
2024-09-20,USD,1.0
2024-09-20,EUR,1.069163
2024-09-20,GBP,1.29769
2024-09-20,BRL,0.200813
2024-09-20,JPY,0.006369
2024-09-21,USD,1.0
2024-09-21,EUR,1.08
2024-09-21,GBP,1.292679
2024-09-21,BRL,0.208193
2024-09-21,JPY,0.006328
2024-09-22,USD,1.0
2024-09-22,EUR,1.090837
2024-09-22,GBP,1.285244
2024-09-22,BRL,0.209796
2024-09-22,JPY,0.006305
2024-09-23,USD,1.0
2024-09-23,EUR,1.100211
2024-09-23,GBP,1.275936
2024-09-23,BRL,0.205115
2024-09-23,JPY,0.006301
2024-09-24,USD,1.0
2024-09-24,EUR,1.106855
2024-09-24,GBP,1.265447
2024-09-24,BRL,0.195635
2024-09-24,JPY,0.006315
2024-09-25,USD,1.0
2024-09-25,EUR,1.109872
2024-09-25,GBP,1.254553
2024-09-25,BRL,0.184365
2024-09-25,JPY,0.006347
2024-09-26,USD,1.0
2024-09-26,EUR,1.108855
2024-09-26,GBP,1.244064
2024-09-26,BRL,0.174885
2024-09-26,JPY,0.006395
2024-09-27,USD,1.0
2024-09-27,EUR,1.103941
2024-09-27,GBP,1.234756
2024-09-27,BRL,0.170204
2024-09-27,JPY,0.006458
2024-09-28,USD,1.0
2024-09-28,EUR,1.095793
2024-09-28,GBP,1.227321
2024-09-28,BRL,0.171807
2024-09-28,JPY,0.006532
2024-09-29,USD,1.0
2024-09-29,EUR,1.085512
2024-09-29,GBP,1.22231
2024-09-29,BRL,0.179187
2024-09-29,JPY,0.006614
2024-09-30,USD,1.0
2024-09-30,EUR,1.074488
2024-09-30,GBP,1.220093
2024-09-30,BRL,0.19
2024-09-30,JPY,0.0067
2024-10-01,USD,1.0
2024-10-01,EUR,1.064207
2024-10-01,GBP,1.220837
2024-10-01,BRL,0.200813
2024-10-01,JPY,0.006786
2024-10-02,USD,1.0
2024-10-02,EUR,1.056059
2024-10-02,GBP,1.224485
2024-10-02,BRL,0.208193
2024-10-02,JPY,0.006868
2024-10-03,USD,1.0
2024-10-03,EUR,1.051145
2024-10-03,GBP,1.230767
2024-10-03,BRL,0.209796
2024-10-03,JPY,0.006942
2024-10-04,USD,1.0
2024-10-04,EUR,1.050128
2024-10-04,GBP,1.239217
2024-10-04,BRL,0.205115
2024-10-04,JPY,0.007005
2024-10-05,USD,1.0
2024-10-05,EUR,1.053145
2024-10-05,GBP,1.249208
2024-10-05,BRL,0.195635
2024-10-05,JPY,0.007053
2024-10-06,USD,1.0
2024-10-06,EUR,1.059789
2024-10-06,GBP,1.26
2024-10-06,BRL,0.184365
2024-10-06,JPY,0.007085
2024-10-07,USD,1.0
2024-10-07,EUR,1.069163
2024-10-07,GBP,1.270792
2024-10-07,BRL,0.174885
2024-10-07,JPY,0.007099
2024-10-08,USD,1.0
2024-10-08,EUR,1.08
2024-10-08,GBP,1.280783
2024-10-08,BRL,0.170204
2024-10-08,JPY,0.007095
2024-10-09,USD,1.0
2024-10-09,EUR,1.090837
2024-10-09,GBP,1.289233
2024-10-09,BRL,0.171807
2024-10-09,JPY,0.007072
2024-10-10,USD,1.0
2024-10-10,EUR,1.100211
2024-10-10,GBP,1.295515
2024-10-10,BRL,0.179187
2024-10-10,JPY,0.007031
2024-10-11,USD,1.0
2024-10-11,EUR,1.106855
2024-10-11,GBP,1.299163
2024-10-11,BRL,0.19
2024-10-11,JPY,0.006975
2024-10-12,USD,1.0
2024-10-12,EUR,1.109872
2024-10-12,GBP,1.299907
2024-10-12,BRL,0.200813
2024-10-12,JPY,0.006906
2024-10-13,USD,1.0
2024-10-13,EUR,1.108855
2024-10-13,GBP,1.29769
2024-10-13,BRL,0.208193
2024-10-13,JPY,0.006828
2024-10-14,USD,1.0
2024-10-14,EUR,1.103941
2024-10-14,GBP,1.292679
2024-10-14,BRL,0.209796
2024-10-14,JPY,0.006743
2024-10-15,USD,1.0
2024-10-15,EUR,1.095793
2024-10-15,GBP,1.285244
2024-10-15,BRL,0.205115
2024-10-15,JPY,0.006657
2024-10-16,USD,1.0
2024-10-16,EUR,1.085512
2024-10-16,GBP,1.275936
2024-10-16,BRL,0.195635
2024-10-16,JPY,0.006572
2024-10-17,USD,1.0
2024-10-17,EUR,1.074488
2024-10-17,GBP,1.265447
2024-10-17,BRL,0.184365
2024-10-17,JPY,0.006494
2024-10-18,USD,1.0
2024-10-18,EUR,1.064207
2024-10-18,GBP,1.254553
2024-10-18,BRL,0.174885
2024-10-18,JPY,0.006425
2024-10-19,USD,1.0
2024-10-19,EUR,1.056059
2024-10-19,GBP,1.244064
2024-10-19,BRL,0.170204
2024-10-19,JPY,0.006369
2024-10-20,USD,1.0
2024-10-20,EUR,1.051145
2024-10-20,GBP,1.234756
2024-10-20,BRL,0.171807
2024-10-20,JPY,0.006328
2024-10-21,USD,1.0
2024-10-21,EUR,1.050128
2024-10-21,GBP,1.227321
2024-10-21,BRL,0.179187
2024-10-21,JPY,0.006305
2024-10-22,USD,1.0
2024-10-22,EUR,1.053145
2024-10-22,GBP,1.22231
2024-10-22,BRL,0.19
2024-10-22,JPY,0.006301
2024-10-23,USD,1.0
2024-10-23,EUR,1.059789
2024-10-23,GBP,1.220093
2024-10-23,BRL,0.200813
2024-10-23,JPY,0.006315
2024-10-24,USD,1.0
2024-10-24,EUR,1.069163
2024-10-24,GBP,1.220837
2024-10-24,BRL,0.208193
2024-10-24,JPY,0.006347
2024-10-25,USD,1.0
2024-10-25,EUR,1.08
2024-10-25,GBP,1.224485
2024-10-25,BRL,0.209796
2024-10-25,JPY,0.006395
2024-10-26,USD,1.0
2024-10-26,EUR,1.090837
2024-10-26,GBP,1.230767
2024-10-26,BRL,0.205115
2024-10-26,JPY,0.006458
2024-10-27,USD,1.0
2024-10-27,EUR,1.100211
2024-10-27,GBP,1.239217
2024-10-27,BRL,0.195635
2024-10-27,JPY,0.006532
2024-10-28,USD,1.0
2024-10-28,EUR,1.106855
2024-10-28,GBP,1.249208
2024-10-28,BRL,0.184365
2024-10-28,JPY,0.006614
2024-10-29,USD,1.0
2024-10-29,EUR,1.109872
2024-10-29,GBP,1.26
2024-10-29,BRL,0.174885
2024-10-29,JPY,0.0067
2024-10-30,USD,1.0
2024-10-30,EUR,1.108855
2024-10-30,GBP,1.270792
2024-10-30,BRL,0.170204
2024-10-30,JPY,0.006786
2024-10-31,USD,1.0
2024-10-31,EUR,1.103941
2024-10-31,GBP,1.280783
2024-10-31,BRL,0.171807
2024-10-31,JPY,0.006868
2024-11-01,USD,1.0
2024-11-01,EUR,1.095793
2024-11-01,GBP,1.289233
2024-11-01,BRL,0.179187
2024-11-01,JPY,0.006942
2024-11-02,USD,1.0
2024-11-02,EUR,1.085512
2024-11-02,GBP,1.295515
2024-11-02,BRL,0.19
2024-11-02,JPY,0.007005
2024-11-03,USD,1.0
2024-11-03,EUR,1.074488
2024-11-03,GBP,1.299163
2024-11-03,BRL,0.200813
2024-11-03,JPY,0.007053
2024-11-04,USD,1.0
2024-11-04,EUR,1.064207
2024-11-04,GBP,1.299907
2024-11-04,BRL,0.208193
2024-11-04,JPY,0.007085
2024-11-05,USD,1.0
2024-11-05,EUR,1.056059
2024-11-05,GBP,1.29769
2024-11-05,BRL,0.209796
2024-11-05,JPY,0.007099
2024-11-06,USD,1.0
2024-11-06,EUR,1.051145
2024-11-06,GBP,1.292679
2024-11-06,BRL,0.205115
2024-11-06,JPY,0.007095
2024-11-07,USD,1.0
2024-11-07,EUR,1.050128
2024-11-07,GBP,1.285244
2024-11-07,BRL,0.195635
2024-11-07,JPY,0.007072
2024-11-08,USD,1.0
2024-11-08,EUR,1.053145
2024-11-08,GBP,1.275936
2024-11-08,BRL,0.184365
2024-11-08,JPY,0.007031
2024-11-09,USD,1.0
2024-11-09,EUR,1.059789
2024-11-09,GBP,1.265447
2024-11-09,BRL,0.174885
2024-11-09,JPY,0.006975
2024-11-10,USD,1.0
2024-11-10,EUR,1.069163
2024-11-10,GBP,1.254553
2024-11-10,BRL,0.170204
2024-11-10,JPY,0.006906
2024-11-11,USD,1.0
2024-11-11,EUR,1.08
2024-11-11,GBP,1.244064
2024-11-11,BRL,0.171807
2024-11-11,JPY,0.006828
2024-11-12,USD,1.0
2024-11-12,EUR,1.090837
2024-11-12,GBP,1.234756
2024-11-12,BRL,0.179187
2024-11-12,JPY,0.006743
2024-11-13,USD,1.0
2024-11-13,EUR,1.100211
2024-11-13,GBP,1.227321
2024-11-13,BRL,0.19
2024-11-13,JPY,0.006657
2024-11-14,USD,1.0
2024-11-14,EUR,1.106855
2024-11-14,GBP,1.22231
2024-11-14,BRL,0.200813
2024-11-14,JPY,0.006572
2024-11-15,USD,1.0
2024-11-15,EUR,1.109872
2024-11-15,GBP,1.220093
2024-11-15,BRL,0.208193
2024-11-15,JPY,0.006494
2024-11-16,USD,1.0
2024-11-16,EUR,1.108855
2024-11-16,GBP,1.220837
2024-11-16,BRL,0.209796
2024-11-16,JPY,0.006425
2024-11-17,USD,1.0
2024-11-17,EUR,1.103941
2024-11-17,GBP,1.224485
2024-11-17,BRL,0.205115
2024-11-17,JPY,0.006369
2024-11-18,USD,1.0
2024-11-18,EUR,1.095793
2024-11-18,GBP,1.230767
2024-11-18,BRL,0.195635
2024-11-18,JPY,0.006328
2024-11-19,USD,1.0
2024-11-19,EUR,1.085512
2024-11-19,GBP,1.239217
2024-11-19,BRL,0.184365
2024-11-19,JPY,0.006305
2024-11-20,USD,1.0
2024-11-20,EUR,1.074488
2024-11-20,GBP,1.249208
2024-11-20,BRL,0.174885
2024-11-20,JPY,0.006301
2024-11-21,USD,1.0
2024-11-21,EUR,1.064207
2024-11-21,GBP,1.26
2024-11-21,BRL,0.170204
2024-11-21,JPY,0.006315
2024-11-22,USD,1.0
2024-11-22,EUR,1.056059
2024-11-22,GBP,1.270792
2024-11-22,BRL,0.171807
2024-11-22,JPY,0.006347
2024-11-23,USD,1.0
2024-11-23,EUR,1.051145
2024-11-23,GBP,1.280783
2024-11-23,BRL,0.179187
2024-11-23,JPY,0.006395
2024-11-24,USD,1.0
2024-11-24,EUR,1.050128
2024-11-24,GBP,1.289233
2024-11-24,BRL,0.19
2024-11-24,JPY,0.006458
2024-11-25,USD,1.0
2024-11-25,EUR,1.053145
2024-11-25,GBP,1.295515
2024-11-25,BRL,0.200813
2024-11-25,JPY,0.006532
2024-11-26,USD,1.0
2024-11-26,EUR,1.059789
2024-11-26,GBP,1.299163
2024-11-26,BRL,0.208193
2024-11-26,JPY,0.006614
2024-11-27,USD,1.0
2024-11-27,EUR,1.069163
2024-11-27,GBP,1.299907
2024-11-27,BRL,0.209796
2024-11-27,JPY,0.0067
2024-11-28,USD,1.0
2024-11-28,EUR,1.08
2024-11-28,GBP,1.29769
2024-11-28,BRL,0.205115
2024-11-28,JPY,0.006786
2024-11-29,USD,1.0
2024-11-29,EUR,1.090837
2024-11-29,GBP,1.292679
2024-11-29,BRL,0.195635
2024-11-29,JPY,0.006868
2024-11-30,USD,1.0
2024-11-30,EUR,1.100211
2024-11-30,GBP,1.285244
2024-11-30,BRL,0.184365
2024-11-30,JPY,0.006942
2024-12-01,USD,1.0
2024-12-01,EUR,1.106855
2024-12-01,GBP,1.275936
2024-12-01,BRL,0.174885
2024-12-01,JPY,0.007005
2024-12-02,USD,1.0
2024-12-02,EUR,1.109872
2024-12-02,GBP,1.265447
2024-12-02,BRL,0.170204
2024-12-02,JPY,0.007053
2024-12-03,USD,1.0
2024-12-03,EUR,1.108855
2024-12-03,GBP,1.254553
2024-12-03,BRL,0.171807
2024-12-03,JPY,0.007085
2024-12-04,USD,1.0
2024-12-04,EUR,1.103941
2024-12-04,GBP,1.244064
2024-12-04,BRL,0.179187
2024-12-04,JPY,0.007099
2024-12-05,USD,1.0
2024-12-05,EUR,1.095793
2024-12-05,GBP,1.234756
2024-12-05,BRL,0.19
2024-12-05,JPY,0.007095
2024-12-06,USD,1.0
2024-12-06,EUR,1.085512
2024-12-06,GBP,1.227321
2024-12-06,BRL,0.200813
2024-12-06,JPY,0.007072
2024-12-07,USD,1.0
2024-12-07,EUR,1.074488
2024-12-07,GBP,1.22231
2024-12-07,BRL,0.208193
2024-12-07,JPY,0.007031
2024-12-08,USD,1.0
2024-12-08,EUR,1.064207
2024-12-08,GBP,1.220093
2024-12-08,BRL,0.209796
2024-12-08,JPY,0.006975
2024-12-09,USD,1.0
2024-12-09,EUR,1.056059
2024-12-09,GBP,1.220837
2024-12-09,BRL,0.205115
2024-12-09,JPY,0.006906
2024-12-10,USD,1.0
2024-12-10,EUR,1.051145
2024-12-10,GBP,1.224485
2024-12-10,BRL,0.195635
2024-12-10,JPY,0.006828
2024-12-11,USD,1.0
2024-12-11,EUR,1.050128
2024-12-11,GBP,1.230767
2024-12-11,BRL,0.184365
2024-12-11,JPY,0.006743
2024-12-12,USD,1.0
2024-12-12,EUR,1.053145
2024-12-12,GBP,1.239217
2024-12-12,BRL,0.174885
2024-12-12,JPY,0.006657
2024-12-13,USD,1.0
2024-12-13,EUR,1.059789
2024-12-13,GBP,1.249208
2024-12-13,BRL,0.170204
2024-12-13,JPY,0.006572
2024-12-14,USD,1.0
2024-12-14,EUR,1.069163
2024-12-14,GBP,1.26
2024-12-14,BRL,0.171807
2024-12-14,JPY,0.006494
2024-12-15,USD,1.0
2024-12-15,EUR,1.08
2024-12-15,GBP,1.270792
2024-12-15,BRL,0.179187
2024-12-15,JPY,0.006425
2024-12-16,USD,1.0
2024-12-16,EUR,1.090837
2024-12-16,GBP,1.280783
2024-12-16,BRL,0.19
2024-12-16,JPY,0.006369
2024-12-17,USD,1.0
2024-12-17,EUR,1.100211
2024-12-17,GBP,1.289233
2024-12-17,BRL,0.200813
2024-12-17,JPY,0.006328
2024-12-18,USD,1.0
2024-12-18,EUR,1.106855
2024-12-18,GBP,1.295515
2024-12-18,BRL,0.208193
2024-12-18,JPY,0.006305
2024-12-19,USD,1.0
2024-12-19,EUR,1.109872
2024-12-19,GBP,1.299163
2024-12-19,BRL,0.209796
2024-12-19,JPY,0.006301
2024-12-20,USD,1.0
2024-12-20,EUR,1.108855
2024-12-20,GBP,1.299907
2024-12-20,BRL,0.205115
2024-12-20,JPY,0.006315
2024-12-21,USD,1.0
2024-12-21,EUR,1.103941
2024-12-21,GBP,1.29769
2024-12-21,BRL,0.195635
2024-12-21,JPY,0.006347
2024-12-22,USD,1.0
2024-12-22,EUR,1.095793
2024-12-22,GBP,1.292679
2024-12-22,BRL,0.184365
2024-12-22,JPY,0.006395
2024-12-23,USD,1.0
2024-12-23,EUR,1.085512
2024-12-23,GBP,1.285244
2024-12-23,BRL,0.174885
2024-12-23,JPY,0.006458
2024-12-24,USD,1.0
2024-12-24,EUR,1.074488
2024-12-24,GBP,1.275936
2024-12-24,BRL,0.170204
2024-12-24,JPY,0.006532
2024-12-25,USD,1.0
2024-12-25,EUR,1.064207
2024-12-25,GBP,1.265447
2024-12-25,BRL,0.171807
2024-12-25,JPY,0.006614
2024-12-26,USD,1.0
2024-12-26,EUR,1.056059
2024-12-26,GBP,1.254553
2024-12-26,BRL,0.179187
2024-12-26,JPY,0.0067
2024-12-27,USD,1.0
2024-12-27,EUR,1.051145
2024-12-27,GBP,1.244064
2024-12-27,BRL,0.19
2024-12-27,JPY,0.006786
2024-12-28,USD,1.0
2024-12-28,EUR,1.050128
2024-12-28,GBP,1.234756
2024-12-28,BRL,0.200813
2024-12-28,JPY,0.006868
2024-12-29,USD,1.0
2024-12-29,EUR,1.053145
2024-12-29,GBP,1.227321
2024-12-29,BRL,0.208193
2024-12-29,JPY,0.006942
2024-12-30,USD,1.0
2024-12-30,EUR,1.059789
2024-12-30,GBP,1.22231
2024-12-30,BRL,0.209796
2024-12-30,JPY,0.007005
2024-12-31,USD,1.0
2024-12-31,EUR,1.069163
2024-12-31,GBP,1.220093
2024-12-31,BRL,0.205115
2024-12-31,JPY,0.007053
2025-01-01,USD,1.0
2025-01-01,EUR,1.08
2025-01-01,GBP,1.220837
2025-01-01,BRL,0.195635
2025-01-01,JPY,0.007085
2025-01-02,USD,1.0
2025-01-02,EUR,1.090837
2025-01-02,GBP,1.224485
2025-01-02,BRL,0.184365
2025-01-02,JPY,0.007099
2025-01-03,USD,1.0
2025-01-03,EUR,1.100211
2025-01-03,GBP,1.230767
2025-01-03,BRL,0.174885
2025-01-03,JPY,0.007095
2025-01-04,USD,1.0
2025-01-04,EUR,1.106855
2025-01-04,GBP,1.239217
2025-01-04,BRL,0.170204
2025-01-04,JPY,0.007072
2025-01-05,USD,1.0
2025-01-05,EUR,1.109872
2025-01-05,GBP,1.249208
2025-01-05,BRL,0.171807
2025-01-05,JPY,0.007031
2025-01-06,USD,1.0
2025-01-06,EUR,1.108855
2025-01-06,GBP,1.26
2025-01-06,BRL,0.179187
2025-01-06,JPY,0.006975
2025-01-07,USD,1.0
2025-01-07,EUR,1.103941
2025-01-07,GBP,1.270792
2025-01-07,BRL,0.19
2025-01-07,JPY,0.006906
2025-01-08,USD,1.0
2025-01-08,EUR,1.095793
2025-01-08,GBP,1.280783
2025-01-08,BRL,0.200813
2025-01-08,JPY,0.006828
2025-01-09,USD,1.0
2025-01-09,EUR,1.085512
2025-01-09,GBP,1.289233
2025-01-09,BRL,0.208193
2025-01-09,JPY,0.006743
2025-01-10,USD,1.0
2025-01-10,EUR,1.074488
2025-01-10,GBP,1.295515
2025-01-10,BRL,0.209796
2025-01-10,JPY,0.006657
2025-01-11,USD,1.0
2025-01-11,EUR,1.064207
2025-01-11,GBP,1.299163
2025-01-11,BRL,0.205115
2025-01-11,JPY,0.006572
2025-01-12,USD,1.0
2025-01-12,EUR,1.056059
2025-01-12,GBP,1.299907
2025-01-12,BRL,0.195635
2025-01-12,JPY,0.006494
2025-01-13,USD,1.0
2025-01-13,EUR,1.051145
2025-01-13,GBP,1.29769
2025-01-13,BRL,0.184365
2025-01-13,JPY,0.006425
2025-01-14,USD,1.0
2025-01-14,EUR,1.050128
2025-01-14,GBP,1.292679
2025-01-14,BRL,0.174885
2025-01-14,JPY,0.006369
2025-01-15,USD,1.0
2025-01-15,EUR,1.053145
2025-01-15,GBP,1.285244
2025-01-15,BRL,0.170204
2025-01-15,JPY,0.006328
2025-01-16,USD,1.0
2025-01-16,EUR,1.059789
2025-01-16,GBP,1.275936
2025-01-16,BRL,0.171807
2025-01-16,JPY,0.006305
2025-01-17,USD,1.0
2025-01-17,EUR,1.069163
2025-01-17,GBP,1.265447
2025-01-17,BRL,0.179187
2025-01-17,JPY,0.006301
2025-01-18,USD,1.0
2025-01-18,EUR,1.08
2025-01-18,GBP,1.254553
2025-01-18,BRL,0.19
2025-01-18,JPY,0.006315
2025-01-19,USD,1.0
2025-01-19,EUR,1.090837
2025-01-19,GBP,1.244064
2025-01-19,BRL,0.200813
2025-01-19,JPY,0.006347
2025-01-20,USD,1.0
2025-01-20,EUR,1.100211
2025-01-20,GBP,1.234756
2025-01-20,BRL,0.208193
2025-01-20,JPY,0.006395
2025-01-21,USD,1.0
2025-01-21,EUR,1.106855
2025-01-21,GBP,1.227321
2025-01-21,BRL,0.209796
2025-01-21,JPY,0.006458
2025-01-22,USD,1.0
2025-01-22,EUR,1.109872
2025-01-22,GBP,1.22231
2025-01-22,BRL,0.205115
2025-01-22,JPY,0.006532
2025-01-23,USD,1.0
2025-01-23,EUR,1.108855
2025-01-23,GBP,1.220093
2025-01-23,BRL,0.195635
2025-01-23,JPY,0.006614
2025-01-24,USD,1.0
2025-01-24,EUR,1.103941
2025-01-24,GBP,1.220837
2025-01-24,BRL,0.184365
2025-01-24,JPY,0.0067
2025-01-25,USD,1.0
2025-01-25,EUR,1.095793
2025-01-25,GBP,1.224485
2025-01-25,BRL,0.174885
2025-01-25,JPY,0.006786
2025-01-26,USD,1.0
2025-01-26,EUR,1.085512
2025-01-26,GBP,1.230767
2025-01-26,BRL,0.170204
2025-01-26,JPY,0.006868
2025-01-27,USD,1.0
2025-01-27,EUR,1.074488
2025-01-27,GBP,1.239217
2025-01-27,BRL,0.171807
2025-01-27,JPY,0.006942
2025-01-28,USD,1.0
2025-01-28,EUR,1.064207
2025-01-28,GBP,1.249208
2025-01-28,BRL,0.179187
2025-01-28,JPY,0.007005
2025-01-29,USD,1.0
2025-01-29,EUR,1.056059
2025-01-29,GBP,1.26
2025-01-29,BRL,0.19
2025-01-29,JPY,0.007053
2025-01-30,USD,1.0
2025-01-30,EUR,1.051145
2025-01-30,GBP,1.270792
2025-01-30,BRL,0.200813
2025-01-30,JPY,0.007085
2025-01-31,USD,1.0
2025-01-31,EUR,1.050128
2025-01-31,GBP,1.280783
2025-01-31,BRL,0.208193
2025-01-31,JPY,0.007099
2025-02-01,USD,1.0
2025-02-01,EUR,1.053145
2025-02-01,GBP,1.289233
2025-02-01,BRL,0.209796
2025-02-01,JPY,0.007095
2025-02-02,USD,1.0
2025-02-02,EUR,1.059789
2025-02-02,GBP,1.295515
2025-02-02,BRL,0.205115
2025-02-02,JPY,0.007072
2025-02-03,USD,1.0
2025-02-03,EUR,1.069163
2025-02-03,GBP,1.299163
2025-02-03,BRL,0.195635
2025-02-03,JPY,0.007031
2025-02-04,USD,1.0
2025-02-04,EUR,1.08
2025-02-04,GBP,1.299907
2025-02-04,BRL,0.184365
2025-02-04,JPY,0.006975
2025-02-05,USD,1.0
2025-02-05,EUR,1.090837
2025-02-05,GBP,1.29769
2025-02-05,BRL,0.174885
2025-02-05,JPY,0.006906
2025-02-06,USD,1.0
2025-02-06,EUR,1.100211
2025-02-06,GBP,1.292679
2025-02-06,BRL,0.170204
2025-02-06,JPY,0.006828
2025-02-07,USD,1.0
2025-02-07,EUR,1.106855
2025-02-07,GBP,1.285244
2025-02-07,BRL,0.171807
2025-02-07,JPY,0.006743
2025-02-08,USD,1.0
2025-02-08,EUR,1.109872
2025-02-08,GBP,1.275936
2025-02-08,BRL,0.179187
2025-02-08,JPY,0.006657
2025-02-09,USD,1.0
2025-02-09,EUR,1.108855
2025-02-09,GBP,1.265447
2025-02-09,BRL,0.19
2025-02-09,JPY,0.006572
2025-02-10,USD,1.0
2025-02-10,EUR,1.103941
2025-02-10,GBP,1.254553
2025-02-10,BRL,0.200813
2025-02-10,JPY,0.006494
2025-02-11,USD,1.0
2025-02-11,EUR,1.095793
2025-02-11,GBP,1.244064
2025-02-11,BRL,0.208193
2025-02-11,JPY,0.006425
2025-02-12,USD,1.0
2025-02-12,EUR,1.085512
2025-02-12,GBP,1.234756
2025-02-12,BRL,0.209796
2025-02-12,JPY,0.006369
2025-02-13,USD,1.0
2025-02-13,EUR,1.074488
2025-02-13,GBP,1.227321
2025-02-13,BRL,0.205115
2025-02-13,JPY,0.006328
2025-02-14,USD,1.0
2025-02-14,EUR,1.064207
2025-02-14,GBP,1.22231
2025-02-14,BRL,0.195635
2025-02-14,JPY,0.006305
2025-02-15,USD,1.0
2025-02-15,EUR,1.056059
2025-02-15,GBP,1.220093
2025-02-15,BRL,0.184365
2025-02-15,JPY,0.006301
2025-02-16,USD,1.0
2025-02-16,EUR,1.051145
2025-02-16,GBP,1.220837
2025-02-16,BRL,0.174885
2025-02-16,JPY,0.006315
2025-02-17,USD,1.0
2025-02-17,EUR,1.050128
2025-02-17,GBP,1.224485
2025-02-17,BRL,0.170204
2025-02-17,JPY,0.006347
2025-02-18,USD,1.0
2025-02-18,EUR,1.053145
2025-02-18,GBP,1.230767
2025-02-18,BRL,0.171807
2025-02-18,JPY,0.006395
2025-02-19,USD,1.0
2025-02-19,EUR,1.059789
2025-02-19,GBP,1.239217
2025-02-19,BRL,0.179187
2025-02-19,JPY,0.006458
2025-02-20,USD,1.0
2025-02-20,EUR,1.069163
2025-02-20,GBP,1.249208
2025-02-20,BRL,0.19
2025-02-20,JPY,0.006532
2025-02-21,USD,1.0
2025-02-21,EUR,1.08
2025-02-21,GBP,1.26
2025-02-21,BRL,0.200813
2025-02-21,JPY,0.006614
2025-02-22,USD,1.0
2025-02-22,EUR,1.090837
2025-02-22,GBP,1.270792
2025-02-22,BRL,0.208193
2025-02-22,JPY,0.0067
2025-02-23,USD,1.0
2025-02-23,EUR,1.100211
2025-02-23,GBP,1.280783
2025-02-23,BRL,0.209796
2025-02-23,JPY,0.006786
2025-02-24,USD,1.0
2025-02-24,EUR,1.106855
2025-02-24,GBP,1.289233
2025-02-24,BRL,0.205115
2025-02-24,JPY,0.006868
2025-02-25,USD,1.0
2025-02-25,EUR,1.109872
2025-02-25,GBP,1.295515
2025-02-25,BRL,0.195635
2025-02-25,JPY,0.006942
2025-02-26,USD,1.0
2025-02-26,EUR,1.108855
2025-02-26,GBP,1.299163
2025-02-26,BRL,0.184365
2025-02-26,JPY,0.007005
2025-02-27,USD,1.0
2025-02-27,EUR,1.103941
2025-02-27,GBP,1.299907
2025-02-27,BRL,0.174885
2025-02-27,JPY,0.007053
2025-02-28,USD,1.0
2025-02-28,EUR,1.095793
2025-02-28,GBP,1.29769
2025-02-28,BRL,0.170204
2025-02-28,JPY,0.007085
2025-03-01,USD,1.0
2025-03-01,EUR,1.085512
2025-03-01,GBP,1.292679
2025-03-01,BRL,0.171807
2025-03-01,JPY,0.007099
2025-03-02,USD,1.0
2025-03-02,EUR,1.074488
2025-03-02,GBP,1.285244
2025-03-02,BRL,0.179187
2025-03-02,JPY,0.007095
2025-03-03,USD,1.0
2025-03-03,EUR,1.064207
2025-03-03,GBP,1.275936
2025-03-03,BRL,0.19
2025-03-03,JPY,0.007072
2025-03-04,USD,1.0
2025-03-04,EUR,1.056059
2025-03-04,GBP,1.265447
2025-03-04,BRL,0.200813
2025-03-04,JPY,0.007031
2025-03-05,USD,1.0
2025-03-05,EUR,1.051145
2025-03-05,GBP,1.254553
2025-03-05,BRL,0.208193
2025-03-05,JPY,0.006975
2025-03-06,USD,1.0
2025-03-06,EUR,1.050128
2025-03-06,GBP,1.244064
2025-03-06,BRL,0.209796
2025-03-06,JPY,0.006906
2025-03-07,USD,1.0
2025-03-07,EUR,1.053145
2025-03-07,GBP,1.234756
2025-03-07,BRL,0.205115
2025-03-07,JPY,0.006828
2025-03-08,USD,1.0
2025-03-08,EUR,1.059789
2025-03-08,GBP,1.227321
2025-03-08,BRL,0.195635
2025-03-08,JPY,0.006743
2025-03-09,USD,1.0
2025-03-09,EUR,1.069163
2025-03-09,GBP,1.22231
2025-03-09,BRL,0.184365
2025-03-09,JPY,0.006657
2025-03-10,USD,1.0
2025-03-10,EUR,1.08
2025-03-10,GBP,1.220093
2025-03-10,BRL,0.174885
2025-03-10,JPY,0.006572
2025-03-11,USD,1.0
2025-03-11,EUR,1.090837
2025-03-11,GBP,1.220837
2025-03-11,BRL,0.170204
2025-03-11,JPY,0.006494
2025-03-12,USD,1.0
2025-03-12,EUR,1.100211
2025-03-12,GBP,1.224485
2025-03-12,BRL,0.171807
2025-03-12,JPY,0.006425
2025-03-13,USD,1.0
2025-03-13,EUR,1.106855
2025-03-13,GBP,1.230767
2025-03-13,BRL,0.179187
2025-03-13,JPY,0.006369
2025-03-14,USD,1.0
2025-03-14,EUR,1.109872
2025-03-14,GBP,1.239217
2025-03-14,BRL,0.19
2025-03-14,JPY,0.006328
2025-03-15,USD,1.0
2025-03-15,EUR,1.108855
2025-03-15,GBP,1.249208
2025-03-15,BRL,0.200813
2025-03-15,JPY,0.006305
2025-03-16,USD,1.0
2025-03-16,EUR,1.103941
2025-03-16,GBP,1.26
2025-03-16,BRL,0.208193
2025-03-16,JPY,0.006301
2025-03-17,USD,1.0
2025-03-17,EUR,1.095793
2025-03-17,GBP,1.270792
2025-03-17,BRL,0.209796
2025-03-17,JPY,0.006315
2025-03-18,USD,1.0
2025-03-18,EUR,1.085512
2025-03-18,GBP,1.280783
2025-03-18,BRL,0.205115
2025-03-18,JPY,0.006347
2025-03-19,USD,1.0
2025-03-19,EUR,1.074488
2025-03-19,GBP,1.289233
2025-03-19,BRL,0.195635
2025-03-19,JPY,0.006395
2025-03-20,USD,1.0
2025-03-20,EUR,1.064207
2025-03-20,GBP,1.295515
2025-03-20,BRL,0.184365
2025-03-20,JPY,0.006458
2025-03-21,USD,1.0
2025-03-21,EUR,1.056059
2025-03-21,GBP,1.299163
2025-03-21,BRL,0.174885
2025-03-21,JPY,0.006532
2025-03-22,USD,1.0
2025-03-22,EUR,1.051145
2025-03-22,GBP,1.299907
2025-03-22,BRL,0.170204
2025-03-22,JPY,0.006614
2025-03-23,USD,1.0
2025-03-23,EUR,1.050128
2025-03-23,GBP,1.29769
2025-03-23,BRL,0.171807
2025-03-23,JPY,0.0067
2025-03-24,USD,1.0
2025-03-24,EUR,1.053145
2025-03-24,GBP,1.292679
2025-03-24,BRL,0.179187
2025-03-24,JPY,0.006786
2025-03-25,USD,1.0
2025-03-25,EUR,1.059789
2025-03-25,GBP,1.285244
2025-03-25,BRL,0.19
2025-03-25,JPY,0.006868
2025-03-26,USD,1.0
2025-03-26,EUR,1.069163
2025-03-26,GBP,1.275936
2025-03-26,BRL,0.200813
2025-03-26,JPY,0.006942
2025-03-27,USD,1.0
2025-03-27,EUR,1.08
2025-03-27,GBP,1.265447
2025-03-27,BRL,0.208193
2025-03-27,JPY,0.007005
2025-03-28,USD,1.0
2025-03-28,EUR,1.090837
2025-03-28,GBP,1.254553
2025-03-28,BRL,0.209796
2025-03-28,JPY,0.007053
2025-03-29,USD,1.0
2025-03-29,EUR,1.100211
2025-03-29,GBP,1.244064
2025-03-29,BRL,0.205115
2025-03-29,JPY,0.007085
2025-03-30,USD,1.0
2025-03-30,EUR,1.106855
2025-03-30,GBP,1.234756
2025-03-30,BRL,0.195635
2025-03-30,JPY,0.007099
2025-03-31,USD,1.0
2025-03-31,EUR,1.109872
2025-03-31,GBP,1.227321
2025-03-31,BRL,0.184365
2025-03-31,JPY,0.007095
2025-04-01,USD,1.0
2025-04-01,EUR,1.108855
2025-04-01,GBP,1.22231
2025-04-01,BRL,0.174885
2025-04-01,JPY,0.007072
2025-04-02,USD,1.0
2025-04-02,EUR,1.103941
2025-04-02,GBP,1.220093
2025-04-02,BRL,0.170204
2025-04-02,JPY,0.007031
2025-04-03,USD,1.0
2025-04-03,EUR,1.095793
2025-04-03,GBP,1.220837
2025-04-03,BRL,0.171807
2025-04-03,JPY,0.006975
2025-04-04,USD,1.0
2025-04-04,EUR,1.085512
2025-04-04,GBP,1.224485
2025-04-04,BRL,0.179187
2025-04-04,JPY,0.006906
2025-04-05,USD,1.0
2025-04-05,EUR,1.074488
2025-04-05,GBP,1.230767
2025-04-05,BRL,0.19
2025-04-05,JPY,0.006828
2025-04-06,USD,1.0
2025-04-06,EUR,1.064207
2025-04-06,GBP,1.239217
2025-04-06,BRL,0.200813
2025-04-06,JPY,0.006743
2025-04-07,USD,1.0
2025-04-07,EUR,1.056059
2025-04-07,GBP,1.249208
2025-04-07,BRL,0.208193
2025-04-07,JPY,0.006657
2025-04-08,USD,1.0
2025-04-08,EUR,1.051145
2025-04-08,GBP,1.26
2025-04-08,BRL,0.209796
2025-04-08,JPY,0.006572
2025-04-09,USD,1.0
2025-04-09,EUR,1.050128
2025-04-09,GBP,1.270792
2025-04-09,BRL,0.205115
2025-04-09,JPY,0.006494
2025-04-10,USD,1.0
2025-04-10,EUR,1.053145
2025-04-10,GBP,1.280783
2025-04-10,BRL,0.195635
2025-04-10,JPY,0.006425
2025-04-11,USD,1.0
2025-04-11,EUR,1.059789
2025-04-11,GBP,1.289233
2025-04-11,BRL,0.184365
2025-04-11,JPY,0.006369
2025-04-12,USD,1.0
2025-04-12,EUR,1.069163
2025-04-12,GBP,1.295515
2025-04-12,BRL,0.174885
2025-04-12,JPY,0.006328
2025-04-13,USD,1.0
2025-04-13,EUR,1.08
2025-04-13,GBP,1.299163
2025-04-13,BRL,0.170204
2025-04-13,JPY,0.006305
2025-04-14,USD,1.0
2025-04-14,EUR,1.090837
2025-04-14,GBP,1.299907
2025-04-14,BRL,0.171807
2025-04-14,JPY,0.006301
2025-04-15,USD,1.0
2025-04-15,EUR,1.100211
2025-04-15,GBP,1.29769
2025-04-15,BRL,0.179187
2025-04-15,JPY,0.006315
2025-04-16,USD,1.0
2025-04-16,EUR,1.106855
2025-04-16,GBP,1.292679
2025-04-16,BRL,0.19
2025-04-16,JPY,0.006347
2025-04-17,USD,1.0
2025-04-17,EUR,1.109872
2025-04-17,GBP,1.285244
2025-04-17,BRL,0.200813
2025-04-17,JPY,0.006395
2025-04-18,USD,1.0
2025-04-18,EUR,1.108855
2025-04-18,GBP,1.275936
2025-04-18,BRL,0.208193
2025-04-18,JPY,0.006458
2025-04-19,USD,1.0
2025-04-19,EUR,1.103941
2025-04-19,GBP,1.265447
2025-04-19,BRL,0.209796
2025-04-19,JPY,0.006532
2025-04-20,USD,1.0
2025-04-20,EUR,1.095793
2025-04-20,GBP,1.254553
2025-04-20,BRL,0.205115
2025-04-20,JPY,0.006614
2025-04-21,USD,1.0
2025-04-21,EUR,1.085512
2025-04-21,GBP,1.244064
2025-04-21,BRL,0.195635
2025-04-21,JPY,0.0067
2025-04-22,USD,1.0
2025-04-22,EUR,1.074488
2025-04-22,GBP,1.234756
2025-04-22,BRL,0.184365
2025-04-22,JPY,0.006786
2025-04-23,USD,1.0
2025-04-23,EUR,1.064207
2025-04-23,GBP,1.227321
2025-04-23,BRL,0.174885
2025-04-23,JPY,0.006868
2025-04-24,USD,1.0
2025-04-24,EUR,1.056059
2025-04-24,GBP,1.22231
2025-04-24,BRL,0.170204
2025-04-24,JPY,0.006942
2025-04-25,USD,1.0
2025-04-25,EUR,1.051145
2025-04-25,GBP,1.220093
2025-04-25,BRL,0.171807
2025-04-25,JPY,0.007005
2025-04-26,USD,1.0
2025-04-26,EUR,1.050128
2025-04-26,GBP,1.220837
2025-04-26,BRL,0.179187
2025-04-26,JPY,0.007053
2025-04-27,USD,1.0
2025-04-27,EUR,1.053145
2025-04-27,GBP,1.224485
2025-04-27,BRL,0.19
2025-04-27,JPY,0.007085
2025-04-28,USD,1.0
2025-04-28,EUR,1.059789
2025-04-28,GBP,1.230767
2025-04-28,BRL,0.200813
2025-04-28,JPY,0.007099
2025-04-29,USD,1.0
2025-04-29,EUR,1.069163
2025-04-29,GBP,1.239217
2025-04-29,BRL,0.208193
2025-04-29,JPY,0.007095
2025-04-30,USD,1.0
2025-04-30,EUR,1.08
2025-04-30,GBP,1.249208
2025-04-30,BRL,0.209796
2025-04-30,JPY,0.007072
2025-05-01,USD,1.0
2025-05-01,EUR,1.090837
2025-05-01,GBP,1.26
2025-05-01,BRL,0.205115
2025-05-01,JPY,0.007031
2025-05-02,USD,1.0
2025-05-02,EUR,1.100211
2025-05-02,GBP,1.270792
2025-05-02,BRL,0.195635
2025-05-02,JPY,0.006975
2025-05-03,USD,1.0
2025-05-03,EUR,1.106855
2025-05-03,GBP,1.280783
2025-05-03,BRL,0.184365
2025-05-03,JPY,0.006906
2025-05-04,USD,1.0
2025-05-04,EUR,1.109872
2025-05-04,GBP,1.289233
2025-05-04,BRL,0.174885
2025-05-04,JPY,0.006828
2025-05-05,USD,1.0
2025-05-05,EUR,1.108855
2025-05-05,GBP,1.295515
2025-05-05,BRL,0.170204
2025-05-05,JPY,0.006743
2025-05-06,USD,1.0
2025-05-06,EUR,1.103941
2025-05-06,GBP,1.299163
2025-05-06,BRL,0.171807
2025-05-06,JPY,0.006657
2025-05-07,USD,1.0
2025-05-07,EUR,1.095793
2025-05-07,GBP,1.299907
2025-05-07,BRL,0.179187
2025-05-07,JPY,0.006572
2025-05-08,USD,1.0
2025-05-08,EUR,1.085512
2025-05-08,GBP,1.29769
2025-05-08,BRL,0.19
2025-05-08,JPY,0.006494
2025-05-09,USD,1.0
2025-05-09,EUR,1.074488
2025-05-09,GBP,1.292679
2025-05-09,BRL,0.200813
2025-05-09,JPY,0.006425
2025-05-10,USD,1.0
2025-05-10,EUR,1.064207
2025-05-10,GBP,1.285244
2025-05-10,BRL,0.208193
2025-05-10,JPY,0.006369
2025-05-11,USD,1.0
2025-05-11,EUR,1.056059
2025-05-11,GBP,1.275936
2025-05-11,BRL,0.209796
2025-05-11,JPY,0.006328
2025-05-12,USD,1.0
2025-05-12,EUR,1.051145
2025-05-12,GBP,1.265447
2025-05-12,BRL,0.205115
2025-05-12,JPY,0.006305
2025-05-13,USD,1.0
2025-05-13,EUR,1.050128
2025-05-13,GBP,1.254553
2025-05-13,BRL,0.195635
2025-05-13,JPY,0.006301
2025-05-14,USD,1.0
2025-05-14,EUR,1.053145
2025-05-14,GBP,1.244064
2025-05-14,BRL,0.184365
2025-05-14,JPY,0.006315
2025-05-15,USD,1.0
2025-05-15,EUR,1.059789
2025-05-15,GBP,1.234756
2025-05-15,BRL,0.174885
2025-05-15,JPY,0.006347
2025-05-16,USD,1.0
2025-05-16,EUR,1.069163
2025-05-16,GBP,1.227321
2025-05-16,BRL,0.170204
2025-05-16,JPY,0.006395
2025-05-17,USD,1.0
2025-05-17,EUR,1.08
2025-05-17,GBP,1.22231
2025-05-17,BRL,0.171807
2025-05-17,JPY,0.006458
2025-05-18,USD,1.0
2025-05-18,EUR,1.090837
2025-05-18,GBP,1.220093
2025-05-18,BRL,0.179187
2025-05-18,JPY,0.006532
2025-05-19,USD,1.0
2025-05-19,EUR,1.100211
2025-05-19,GBP,1.220837
2025-05-19,BRL,0.19
2025-05-19,JPY,0.006614
2025-05-20,USD,1.0
2025-05-20,EUR,1.106855
2025-05-20,GBP,1.224485
2025-05-20,BRL,0.200813
2025-05-20,JPY,0.0067
2025-05-21,USD,1.0
2025-05-21,EUR,1.109872
2025-05-21,GBP,1.230767
2025-05-21,BRL,0.208193
2025-05-21,JPY,0.006786
2025-05-22,USD,1.0
2025-05-22,EUR,1.108855
2025-05-22,GBP,1.239217
2025-05-22,BRL,0.209796
2025-05-22,JPY,0.006868
2025-05-23,USD,1.0
2025-05-23,EUR,1.103941
2025-05-23,GBP,1.249208
2025-05-23,BRL,0.205115
2025-05-23,JPY,0.006942
2025-05-24,USD,1.0
2025-05-24,EUR,1.095793
2025-05-24,GBP,1.26
2025-05-24,BRL,0.195635
2025-05-24,JPY,0.007005
2025-05-25,USD,1.0
2025-05-25,EUR,1.085512
2025-05-25,GBP,1.270792
2025-05-25,BRL,0.184365
2025-05-25,JPY,0.007053
2025-05-26,USD,1.0
2025-05-26,EUR,1.074488
2025-05-26,GBP,1.280783
2025-05-26,BRL,0.174885
2025-05-26,JPY,0.007085
2025-05-27,USD,1.0
2025-05-27,EUR,1.064207
2025-05-27,GBP,1.289233
2025-05-27,BRL,0.170204
2025-05-27,JPY,0.007099
2025-05-28,USD,1.0
2025-05-28,EUR,1.056059
2025-05-28,GBP,1.295515
2025-05-28,BRL,0.171807
2025-05-28,JPY,0.007095
2025-05-29,USD,1.0
2025-05-29,EUR,1.051145
2025-05-29,GBP,1.299163
2025-05-29,BRL,0.179187
2025-05-29,JPY,0.007072
2025-05-30,USD,1.0
2025-05-30,EUR,1.050128
2025-05-30,GBP,1.299907
2025-05-30,BRL,0.19
2025-05-30,JPY,0.007031
2025-05-31,USD,1.0
2025-05-31,EUR,1.053145
2025-05-31,GBP,1.29769
2025-05-31,BRL,0.200813
2025-05-31,JPY,0.006975
2025-06-01,USD,1.0
2025-06-01,EUR,1.059789
2025-06-01,GBP,1.292679
2025-06-01,BRL,0.208193
2025-06-01,JPY,0.006906
2025-06-02,USD,1.0
2025-06-02,EUR,1.069163
2025-06-02,GBP,1.285244
2025-06-02,BRL,0.209796
2025-06-02,JPY,0.006828
2025-06-03,USD,1.0
2025-06-03,EUR,1.08
2025-06-03,GBP,1.275936
2025-06-03,BRL,0.205115
2025-06-03,JPY,0.006743
2025-06-04,USD,1.0
2025-06-04,EUR,1.090837
2025-06-04,GBP,1.265447
2025-06-04,BRL,0.195635
2025-06-04,JPY,0.006657
2025-06-05,USD,1.0
2025-06-05,EUR,1.100211
2025-06-05,GBP,1.254553
2025-06-05,BRL,0.184365
2025-06-05,JPY,0.006572
2025-06-06,USD,1.0
2025-06-06,EUR,1.106855
2025-06-06,GBP,1.244064
2025-06-06,BRL,0.174885
2025-06-06,JPY,0.006494
2025-06-07,USD,1.0
2025-06-07,EUR,1.109872
2025-06-07,GBP,1.234756
2025-06-07,BRL,0.170204
2025-06-07,JPY,0.006425
2025-06-08,USD,1.0
2025-06-08,EUR,1.108855
2025-06-08,GBP,1.227321
2025-06-08,BRL,0.171807
2025-06-08,JPY,0.006369
2025-06-09,USD,1.0
2025-06-09,EUR,1.103941
2025-06-09,GBP,1.22231
2025-06-09,BRL,0.179187
2025-06-09,JPY,0.006328
2025-06-10,USD,1.0
2025-06-10,EUR,1.095793
2025-06-10,GBP,1.220093
2025-06-10,BRL,0.19
2025-06-10,JPY,0.006305
2025-06-11,USD,1.0
2025-06-11,EUR,1.085512
2025-06-11,GBP,1.220837
2025-06-11,BRL,0.200813
2025-06-11,JPY,0.006301
2025-06-12,USD,1.0
2025-06-12,EUR,1.074488
2025-06-12,GBP,1.224485
2025-06-12,BRL,0.208193
2025-06-12,JPY,0.006315
2025-06-13,USD,1.0
2025-06-13,EUR,1.064207
2025-06-13,GBP,1.230767
2025-06-13,BRL,0.209796
2025-06-13,JPY,0.006347
2025-06-14,USD,1.0
2025-06-14,EUR,1.056059
2025-06-14,GBP,1.239217
2025-06-14,BRL,0.205115
2025-06-14,JPY,0.006395
2025-06-15,USD,1.0
2025-06-15,EUR,1.051145
2025-06-15,GBP,1.249208
2025-06-15,BRL,0.195635
2025-06-15,JPY,0.006458
2025-06-16,USD,1.0
2025-06-16,EUR,1.050128
2025-06-16,GBP,1.26
2025-06-16,BRL,0.184365
2025-06-16,JPY,0.006532
2025-06-17,USD,1.0
2025-06-17,EUR,1.053145
2025-06-17,GBP,1.270792
2025-06-17,BRL,0.174885
2025-06-17,JPY,0.006614
2025-06-18,USD,1.0
2025-06-18,EUR,1.059789
2025-06-18,GBP,1.280783
2025-06-18,BRL,0.170204
2025-06-18,JPY,0.0067
2025-06-19,USD,1.0
2025-06-19,EUR,1.069163
2025-06-19,GBP,1.289233
2025-06-19,BRL,0.171807
2025-06-19,JPY,0.006786
2025-06-20,USD,1.0
2025-06-20,EUR,1.08
2025-06-20,GBP,1.295515
2025-06-20,BRL,0.179187
2025-06-20,JPY,0.006868
2025-06-21,USD,1.0
2025-06-21,EUR,1.090837
2025-06-21,GBP,1.299163
2025-06-21,BRL,0.19
2025-06-21,JPY,0.006942
2025-06-22,USD,1.0
2025-06-22,EUR,1.100211
2025-06-22,GBP,1.299907
2025-06-22,BRL,0.200813
2025-06-22,JPY,0.007005
2025-06-23,USD,1.0
2025-06-23,EUR,1.106855
2025-06-23,GBP,1.29769
2025-06-23,BRL,0.208193
2025-06-23,JPY,0.007053
2025-06-24,USD,1.0
2025-06-24,EUR,1.109872
2025-06-24,GBP,1.292679
2025-06-24,BRL,0.209796
2025-06-24,JPY,0.007085
2025-06-25,USD,1.0
2025-06-25,EUR,1.108855
2025-06-25,GBP,1.285244
2025-06-25,BRL,0.205115
2025-06-25,JPY,0.007099
2025-06-26,USD,1.0
2025-06-26,EUR,1.103941
2025-06-26,GBP,1.275936
2025-06-26,BRL,0.195635
2025-06-26,JPY,0.007095
2025-06-27,USD,1.0
2025-06-27,EUR,1.095793
2025-06-27,GBP,1.265447
2025-06-27,BRL,0.184365
2025-06-27,JPY,0.007072
2025-06-28,USD,1.0
2025-06-28,EUR,1.085512
2025-06-28,GBP,1.254553
2025-06-28,BRL,0.174885
2025-06-28,JPY,0.007031
2025-06-29,USD,1.0
2025-06-29,EUR,1.074488
2025-06-29,GBP,1.244064
2025-06-29,BRL,0.170204
2025-06-29,JPY,0.006975
2025-06-30,USD,1.0
2025-06-30,EUR,1.064207
2025-06-30,GBP,1.234756
2025-06-30,BRL,0.171807
2025-06-30,JPY,0.006906
2025-07-01,USD,1.0
2025-07-01,EUR,1.056059
2025-07-01,GBP,1.227321
2025-07-01,BRL,0.179187
2025-07-01,JPY,0.006828
2025-07-02,USD,1.0
2025-07-02,EUR,1.051145
2025-07-02,GBP,1.22231
2025-07-02,BRL,0.19
2025-07-02,JPY,0.006743
2025-07-03,USD,1.0
2025-07-03,EUR,1.050128
2025-07-03,GBP,1.220093
2025-07-03,BRL,0.200813
2025-07-03,JPY,0.006657
2025-07-04,USD,1.0
2025-07-04,EUR,1.053145
2025-07-04,GBP,1.220837
2025-07-04,BRL,0.208193
2025-07-04,JPY,0.006572
2025-07-05,USD,1.0
2025-07-05,EUR,1.059789
2025-07-05,GBP,1.224485
2025-07-05,BRL,0.209796
2025-07-05,JPY,0.006494
2025-07-06,USD,1.0
2025-07-06,EUR,1.069163
2025-07-06,GBP,1.230767
2025-07-06,BRL,0.205115
2025-07-06,JPY,0.006425
2025-07-07,USD,1.0
2025-07-07,EUR,1.08
2025-07-07,GBP,1.239217
2025-07-07,BRL,0.195635
2025-07-07,JPY,0.006369
2025-07-08,USD,1.0
2025-07-08,EUR,1.090837
2025-07-08,GBP,1.249208
2025-07-08,BRL,0.184365
2025-07-08,JPY,0.006328
2025-07-09,USD,1.0
2025-07-09,EUR,1.100211
2025-07-09,GBP,1.26
2025-07-09,BRL,0.174885
2025-07-09,JPY,0.006305
2025-07-10,USD,1.0
2025-07-10,EUR,1.106855
2025-07-10,GBP,1.270792
2025-07-10,BRL,0.170204
2025-07-10,JPY,0.006301
2025-07-11,USD,1.0
2025-07-11,EUR,1.109872
2025-07-11,GBP,1.280783
2025-07-11,BRL,0.171807
2025-07-11,JPY,0.006315
2025-07-12,USD,1.0
2025-07-12,EUR,1.108855
2025-07-12,GBP,1.289233
2025-07-12,BRL,0.179187
2025-07-12,JPY,0.006347
2025-07-13,USD,1.0
2025-07-13,EUR,1.103941
2025-07-13,GBP,1.295515
2025-07-13,BRL,0.19
2025-07-13,JPY,0.006395
2025-07-14,USD,1.0
2025-07-14,EUR,1.095793
2025-07-14,GBP,1.299163
2025-07-14,BRL,0.200813
2025-07-14,JPY,0.006458
2025-07-15,USD,1.0
2025-07-15,EUR,1.085512
2025-07-15,GBP,1.299907
2025-07-15,BRL,0.208193
2025-07-15,JPY,0.006532
2025-07-16,USD,1.0
2025-07-16,EUR,1.074488
2025-07-16,GBP,1.29769
2025-07-16,BRL,0.209796
2025-07-16,JPY,0.006614
2025-07-17,USD,1.0
2025-07-17,EUR,1.064207
2025-07-17,GBP,1.292679
2025-07-17,BRL,0.205115
2025-07-17,JPY,0.0067
2025-07-18,USD,1.0
2025-07-18,EUR,1.056059
2025-07-18,GBP,1.285244
2025-07-18,BRL,0.195635
2025-07-18,JPY,0.006786
2025-07-19,USD,1.0
2025-07-19,EUR,1.051145
2025-07-19,GBP,1.275936
2025-07-19,BRL,0.184365
2025-07-19,JPY,0.006868
2025-07-20,USD,1.0
2025-07-20,EUR,1.050128
2025-07-20,GBP,1.265447
2025-07-20,BRL,0.174885
2025-07-20,JPY,0.006942
2025-07-21,USD,1.0
2025-07-21,EUR,1.053145
2025-07-21,GBP,1.254553
2025-07-21,BRL,0.170204
2025-07-21,JPY,0.007005
2025-07-22,USD,1.0
2025-07-22,EUR,1.059789
2025-07-22,GBP,1.244064
2025-07-22,BRL,0.171807
2025-07-22,JPY,0.007053
2025-07-23,USD,1.0
2025-07-23,EUR,1.069163
2025-07-23,GBP,1.234756
2025-07-23,BRL,0.179187
2025-07-23,JPY,0.007085
2025-07-24,USD,1.0
2025-07-24,EUR,1.08
2025-07-24,GBP,1.227321
2025-07-24,BRL,0.19
2025-07-24,JPY,0.007099
2025-07-25,USD,1.0
2025-07-25,EUR,1.090837
2025-07-25,GBP,1.22231
2025-07-25,BRL,0.200813
2025-07-25,JPY,0.007095
2025-07-26,USD,1.0
2025-07-26,EUR,1.100211
2025-07-26,GBP,1.220093
2025-07-26,BRL,0.208193
2025-07-26,JPY,0.007072
2025-07-27,USD,1.0
2025-07-27,EUR,1.106855
2025-07-27,GBP,1.220837
2025-07-27,BRL,0.209796
2025-07-27,JPY,0.007031
2025-07-28,USD,1.0
2025-07-28,EUR,1.109872
2025-07-28,GBP,1.224485
2025-07-28,BRL,0.205115
2025-07-28,JPY,0.006975
2025-07-29,USD,1.0
2025-07-29,EUR,1.108855
2025-07-29,GBP,1.230767
2025-07-29,BRL,0.195635
2025-07-29,JPY,0.006906
2025-07-30,USD,1.0
2025-07-30,EUR,1.103941
2025-07-30,GBP,1.239217
2025-07-30,BRL,0.184365
2025-07-30,JPY,0.006828
2025-07-31,USD,1.0
2025-07-31,EUR,1.095793
2025-07-31,GBP,1.249208
2025-07-31,BRL,0.174885
2025-07-31,JPY,0.006743
2025-08-01,USD,1.0
2025-08-01,EUR,1.085512
2025-08-01,GBP,1.26
2025-08-01,BRL,0.170204
2025-08-01,JPY,0.006657
2025-08-02,USD,1.0
2025-08-02,EUR,1.074488
2025-08-02,GBP,1.270792
2025-08-02,BRL,0.171807
2025-08-02,JPY,0.006572
2025-08-03,USD,1.0
2025-08-03,EUR,1.064207
2025-08-03,GBP,1.280783
2025-08-03,BRL,0.179187
2025-08-03,JPY,0.006494
2025-08-04,USD,1.0
2025-08-04,EUR,1.056059
2025-08-04,GBP,1.289233
2025-08-04,BRL,0.19
2025-08-04,JPY,0.006425
2025-08-05,USD,1.0
2025-08-05,EUR,1.051145
2025-08-05,GBP,1.295515
2025-08-05,BRL,0.200813
2025-08-05,JPY,0.006369
2025-08-06,USD,1.0
2025-08-06,EUR,1.050128
2025-08-06,GBP,1.299163
2025-08-06,BRL,0.208193
2025-08-06,JPY,0.006328
2025-08-07,USD,1.0
2025-08-07,EUR,1.053145
2025-08-07,GBP,1.299907
2025-08-07,BRL,0.209796
2025-08-07,JPY,0.006305
2025-08-08,USD,1.0
2025-08-08,EUR,1.059789
2025-08-08,GBP,1.29769
2025-08-08,BRL,0.205115
2025-08-08,JPY,0.006301
2025-08-09,USD,1.0
2025-08-09,EUR,1.069163
2025-08-09,GBP,1.292679
2025-08-09,BRL,0.195635
2025-08-09,JPY,0.006315
2025-08-10,USD,1.0
2025-08-10,EUR,1.08
2025-08-10,GBP,1.285244
2025-08-10,BRL,0.184365
2025-08-10,JPY,0.006347
2025-08-11,USD,1.0
2025-08-11,EUR,1.090837
2025-08-11,GBP,1.275936
2025-08-11,BRL,0.174885
2025-08-11,JPY,0.006395
2025-08-12,USD,1.0
2025-08-12,EUR,1.100211
2025-08-12,GBP,1.265447
2025-08-12,BRL,0.170204
2025-08-12,JPY,0.006458
2025-08-13,USD,1.0
2025-08-13,EUR,1.106855
2025-08-13,GBP,1.254553
2025-08-13,BRL,0.171807
2025-08-13,JPY,0.006532
2025-08-14,USD,1.0
2025-08-14,EUR,1.109872
2025-08-14,GBP,1.244064
2025-08-14,BRL,0.179187
2025-08-14,JPY,0.006614
2025-08-15,USD,1.0
2025-08-15,EUR,1.108855
2025-08-15,GBP,1.234756
2025-08-15,BRL,0.19
2025-08-15,JPY,0.0067
2025-08-16,USD,1.0
2025-08-16,EUR,1.103941
2025-08-16,GBP,1.227321
2025-08-16,BRL,0.200813
2025-08-16,JPY,0.006786
2025-08-17,USD,1.0
2025-08-17,EUR,1.095793
2025-08-17,GBP,1.22231
2025-08-17,BRL,0.208193
2025-08-17,JPY,0.006868
2025-08-18,USD,1.0
2025-08-18,EUR,1.085512
2025-08-18,GBP,1.220093
2025-08-18,BRL,0.209796
2025-08-18,JPY,0.006942
2025-08-19,USD,1.0
2025-08-19,EUR,1.074488
2025-08-19,GBP,1.220837
2025-08-19,BRL,0.205115
2025-08-19,JPY,0.007005
2025-08-20,USD,1.0
2025-08-20,EUR,1.064207
2025-08-20,GBP,1.224485
2025-08-20,BRL,0.195635
2025-08-20,JPY,0.007053
2025-08-21,USD,1.0
2025-08-21,EUR,1.056059
2025-08-21,GBP,1.230767
2025-08-21,BRL,0.184365
2025-08-21,JPY,0.007085
2025-08-22,USD,1.0
2025-08-22,EUR,1.051145
2025-08-22,GBP,1.239217
2025-08-22,BRL,0.174885
2025-08-22,JPY,0.007099
2025-08-23,USD,1.0
2025-08-23,EUR,1.050128
2025-08-23,GBP,1.249208
2025-08-23,BRL,0.170204
2025-08-23,JPY,0.007095
2025-08-24,USD,1.0
2025-08-24,EUR,1.053145
2025-08-24,GBP,1.26
2025-08-24,BRL,0.171807
2025-08-24,JPY,0.007072
2025-08-25,USD,1.0
2025-08-25,EUR,1.059789
2025-08-25,GBP,1.270792
2025-08-25,BRL,0.179187
2025-08-25,JPY,0.007031
2025-08-26,USD,1.0
2025-08-26,EUR,1.069163
2025-08-26,GBP,1.280783
2025-08-26,BRL,0.19
2025-08-26,JPY,0.006975
2025-08-27,USD,1.0
2025-08-27,EUR,1.08
2025-08-27,GBP,1.289233
2025-08-27,BRL,0.200813
2025-08-27,JPY,0.006906
2025-08-28,USD,1.0
2025-08-28,EUR,1.090837
2025-08-28,GBP,1.295515
2025-08-28,BRL,0.208193
2025-08-28,JPY,0.006828
2025-08-29,USD,1.0
2025-08-29,EUR,1.100211
2025-08-29,GBP,1.299163
2025-08-29,BRL,0.209796
2025-08-29,JPY,0.006743
2025-08-30,USD,1.0
2025-08-30,EUR,1.106855
2025-08-30,GBP,1.299907
2025-08-30,BRL,0.205115
2025-08-30,JPY,0.006657
2025-08-31,USD,1.0
2025-08-31,EUR,1.109872
2025-08-31,GBP,1.29769
2025-08-31,BRL,0.195635
2025-08-31,JPY,0.006572
2025-09-01,USD,1.0
2025-09-01,EUR,1.108855
2025-09-01,GBP,1.292679
2025-09-01,BRL,0.184365
2025-09-01,JPY,0.006494
2025-09-02,USD,1.0
2025-09-02,EUR,1.103941
2025-09-02,GBP,1.285244
2025-09-02,BRL,0.174885
2025-09-02,JPY,0.006425
2025-09-03,USD,1.0
2025-09-03,EUR,1.095793
2025-09-03,GBP,1.275936
2025-09-03,BRL,0.170204
2025-09-03,JPY,0.006369
2025-09-04,USD,1.0
2025-09-04,EUR,1.085512
2025-09-04,GBP,1.265447
2025-09-04,BRL,0.171807
2025-09-04,JPY,0.006328
2025-09-05,USD,1.0
2025-09-05,EUR,1.074488
2025-09-05,GBP,1.254553
2025-09-05,BRL,0.179187
2025-09-05,JPY,0.006305
2025-09-06,USD,1.0
2025-09-06,EUR,1.064207
2025-09-06,GBP,1.244064
2025-09-06,BRL,0.19
2025-09-06,JPY,0.006301
2025-09-07,USD,1.0
2025-09-07,EUR,1.056059
2025-09-07,GBP,1.234756
2025-09-07,BRL,0.200813
2025-09-07,JPY,0.006315
2025-09-08,USD,1.0
2025-09-08,EUR,1.051145
2025-09-08,GBP,1.227321
2025-09-08,BRL,0.208193
2025-09-08,JPY,0.006347
2025-09-09,USD,1.0
2025-09-09,EUR,1.050128
2025-09-09,GBP,1.22231
2025-09-09,BRL,0.209796
2025-09-09,JPY,0.006395
2025-09-10,USD,1.0
2025-09-10,EUR,1.053145
2025-09-10,GBP,1.220093
2025-09-10,BRL,0.205115
2025-09-10,JPY,0.006458
2025-09-11,USD,1.0
2025-09-11,EUR,1.059789
2025-09-11,GBP,1.220837
2025-09-11,BRL,0.195635
2025-09-11,JPY,0.006532
2025-09-12,USD,1.0
2025-09-12,EUR,1.069163
2025-09-12,GBP,1.224485
2025-09-12,BRL,0.184365
2025-09-12,JPY,0.006614
2025-09-13,USD,1.0
2025-09-13,EUR,1.08
2025-09-13,GBP,1.230767
2025-09-13,BRL,0.174885
2025-09-13,JPY,0.0067
2025-09-14,USD,1.0
2025-09-14,EUR,1.090837
2025-09-14,GBP,1.239217
2025-09-14,BRL,0.170204
2025-09-14,JPY,0.006786
2025-09-15,USD,1.0
2025-09-15,EUR,1.100211
2025-09-15,GBP,1.249208
2025-09-15,BRL,0.171807
2025-09-15,JPY,0.006868
2025-09-16,USD,1.0
2025-09-16,EUR,1.106855
2025-09-16,GBP,1.26
2025-09-16,BRL,0.179187
2025-09-16,JPY,0.006942
2025-09-17,USD,1.0
2025-09-17,EUR,1.109872
2025-09-17,GBP,1.270792
2025-09-17,BRL,0.19
2025-09-17,JPY,0.007005
2025-09-18,USD,1.0
2025-09-18,EUR,1.108855
2025-09-18,GBP,1.280783
2025-09-18,BRL,0.200813
2025-09-18,JPY,0.007053
2025-09-19,USD,1.0
2025-09-19,EUR,1.103941
2025-09-19,GBP,1.289233
2025-09-19,BRL,0.208193
2025-09-19,JPY,0.007085
2025-09-20,USD,1.0
2025-09-20,EUR,1.095793
2025-09-20,GBP,1.295515
2025-09-20,BRL,0.209796
2025-09-20,JPY,0.007099
2025-09-21,USD,1.0
2025-09-21,EUR,1.085512
2025-09-21,GBP,1.299163
2025-09-21,BRL,0.205115
2025-09-21,JPY,0.007095
2025-09-22,USD,1.0
2025-09-22,EUR,1.074488
2025-09-22,GBP,1.299907
2025-09-22,BRL,0.195635
2025-09-22,JPY,0.007072
2025-09-23,USD,1.0
2025-09-23,EUR,1.064207
2025-09-23,GBP,1.29769
2025-09-23,BRL,0.184365
2025-09-23,JPY,0.007031
2025-09-24,USD,1.0
2025-09-24,EUR,1.056059
2025-09-24,GBP,1.292679
2025-09-24,BRL,0.174885
2025-09-24,JPY,0.006975
2025-09-25,USD,1.0
2025-09-25,EUR,1.051145
2025-09-25,GBP,1.285244
2025-09-25,BRL,0.170204
2025-09-25,JPY,0.006906
2025-09-26,USD,1.0
2025-09-26,EUR,1.050128
2025-09-26,GBP,1.275936
2025-09-26,BRL,0.171807
2025-09-26,JPY,0.006828
2025-09-27,USD,1.0
2025-09-27,EUR,1.053145
2025-09-27,GBP,1.265447
2025-09-27,BRL,0.179187
2025-09-27,JPY,0.006743
2025-09-28,USD,1.0
2025-09-28,EUR,1.059789
2025-09-28,GBP,1.254553
2025-09-28,BRL,0.19
2025-09-28,JPY,0.006657
2025-09-29,USD,1.0
2025-09-29,EUR,1.069163
2025-09-29,GBP,1.244064
2025-09-29,BRL,0.200813
2025-09-29,JPY,0.006572
2025-09-30,USD,1.0
2025-09-30,EUR,1.08
2025-09-30,GBP,1.234756
2025-09-30,BRL,0.208193
2025-09-30,JPY,0.006494
2025-10-01,USD,1.0
2025-10-01,EUR,1.090837
2025-10-01,GBP,1.227321
2025-10-01,BRL,0.209796
2025-10-01,JPY,0.006425
2025-10-02,USD,1.0
2025-10-02,EUR,1.100211
2025-10-02,GBP,1.22231
2025-10-02,BRL,0.205115
2025-10-02,JPY,0.006369
2025-10-03,USD,1.0
2025-10-03,EUR,1.106855
2025-10-03,GBP,1.220093
2025-10-03,BRL,0.195635
2025-10-03,JPY,0.006328
2025-10-04,USD,1.0
2025-10-04,EUR,1.109872
2025-10-04,GBP,1.220837
2025-10-04,BRL,0.184365
2025-10-04,JPY,0.006305
2025-10-05,USD,1.0
2025-10-05,EUR,1.108855
2025-10-05,GBP,1.224485
2025-10-05,BRL,0.174885
2025-10-05,JPY,0.006301
2025-10-06,USD,1.0
2025-10-06,EUR,1.103941
2025-10-06,GBP,1.230767
2025-10-06,BRL,0.170204
2025-10-06,JPY,0.006315
2025-10-07,USD,1.0
2025-10-07,EUR,1.095793
2025-10-07,GBP,1.239217
2025-10-07,BRL,0.171807
2025-10-07,JPY,0.006347
2025-10-08,USD,1.0
2025-10-08,EUR,1.085512
2025-10-08,GBP,1.249208
2025-10-08,BRL,0.179187
2025-10-08,JPY,0.006395
2025-10-09,USD,1.0
2025-10-09,EUR,1.074488
2025-10-09,GBP,1.26
2025-10-09,BRL,0.19
2025-10-09,JPY,0.006458
2025-10-10,USD,1.0
2025-10-10,EUR,1.064207
2025-10-10,GBP,1.270792
2025-10-10,BRL,0.200813
2025-10-10,JPY,0.006532
2025-10-11,USD,1.0
2025-10-11,EUR,1.056059
2025-10-11,GBP,1.280783
2025-10-11,BRL,0.208193
2025-10-11,JPY,0.006614
2025-10-12,USD,1.0
2025-10-12,EUR,1.051145
2025-10-12,GBP,1.289233
2025-10-12,BRL,0.209796
2025-10-12,JPY,0.0067
2025-10-13,USD,1.0
2025-10-13,EUR,1.050128
2025-10-13,GBP,1.295515
2025-10-13,BRL,0.205115
2025-10-13,JPY,0.006786
2025-10-14,USD,1.0
2025-10-14,EUR,1.053145
2025-10-14,GBP,1.299163
2025-10-14,BRL,0.195635
2025-10-14,JPY,0.006868
2025-10-15,USD,1.0
2025-10-15,EUR,1.059789
2025-10-15,GBP,1.299907
2025-10-15,BRL,0.184365
2025-10-15,JPY,0.006942
2025-10-16,USD,1.0
2025-10-16,EUR,1.069163
2025-10-16,GBP,1.29769
2025-10-16,BRL,0.174885
2025-10-16,JPY,0.007005
2025-10-17,USD,1.0
2025-10-17,EUR,1.08
2025-10-17,GBP,1.292679
2025-10-17,BRL,0.170204
2025-10-17,JPY,0.007053
2025-10-18,USD,1.0
2025-10-18,EUR,1.090837
2025-10-18,GBP,1.285244
2025-10-18,BRL,0.171807
2025-10-18,JPY,0.007085
2025-10-19,USD,1.0
2025-10-19,EUR,1.100211
2025-10-19,GBP,1.275936
2025-10-19,BRL,0.179187
2025-10-19,JPY,0.007099
2025-10-20,USD,1.0
2025-10-20,EUR,1.106855
2025-10-20,GBP,1.265447
2025-10-20,BRL,0.19
2025-10-20,JPY,0.007095
2025-10-21,USD,1.0
2025-10-21,EUR,1.109872
2025-10-21,GBP,1.254553
2025-10-21,BRL,0.200813
2025-10-21,JPY,0.007072
2025-10-22,USD,1.0
2025-10-22,EUR,1.108855
2025-10-22,GBP,1.244064
2025-10-22,BRL,0.208193
2025-10-22,JPY,0.007031
2025-10-23,USD,1.0
2025-10-23,EUR,1.103941
2025-10-23,GBP,1.234756
2025-10-23,BRL,0.209796
2025-10-23,JPY,0.006975
2025-10-24,USD,1.0
2025-10-24,EUR,1.095793
2025-10-24,GBP,1.227321
2025-10-24,BRL,0.205115
2025-10-24,JPY,0.006906
2025-10-25,USD,1.0
2025-10-25,EUR,1.085512
2025-10-25,GBP,1.22231
2025-10-25,BRL,0.195635
2025-10-25,JPY,0.006828
2025-10-26,USD,1.0
2025-10-26,EUR,1.074488
2025-10-26,GBP,1.220093
2025-10-26,BRL,0.184365
2025-10-26,JPY,0.006743
2025-10-27,USD,1.0
2025-10-27,EUR,1.064207
2025-10-27,GBP,1.220837
2025-10-27,BRL,0.174885
2025-10-27,JPY,0.006657
2025-10-28,USD,1.0
2025-10-28,EUR,1.056059
2025-10-28,GBP,1.224485
2025-10-28,BRL,0.170204
2025-10-28,JPY,0.006572
2025-10-29,USD,1.0
2025-10-29,EUR,1.051145
2025-10-29,GBP,1.230767
2025-10-29,BRL,0.171807
2025-10-29,JPY,0.006494
2025-10-30,USD,1.0
2025-10-30,EUR,1.050128
2025-10-30,GBP,1.239217
2025-10-30,BRL,0.179187
2025-10-30,JPY,0.006425
2025-10-31,USD,1.0
2025-10-31,EUR,1.053145
2025-10-31,GBP,1.249208
2025-10-31,BRL,0.19
2025-10-31,JPY,0.006369
2025-11-01,USD,1.0
2025-11-01,EUR,1.059789
2025-11-01,GBP,1.26
2025-11-01,BRL,0.200813
2025-11-01,JPY,0.006328
2025-11-02,USD,1.0
2025-11-02,EUR,1.069163
2025-11-02,GBP,1.270792
2025-11-02,BRL,0.208193
2025-11-02,JPY,0.006305
2025-11-03,USD,1.0
2025-11-03,EUR,1.08
2025-11-03,GBP,1.280783
2025-11-03,BRL,0.209796
2025-11-03,JPY,0.006301
2025-11-04,USD,1.0
2025-11-04,EUR,1.090837
2025-11-04,GBP,1.289233
2025-11-04,BRL,0.205115
2025-11-04,JPY,0.006315
2025-11-05,USD,1.0
2025-11-05,EUR,1.100211
2025-11-05,GBP,1.295515
2025-11-05,BRL,0.195635
2025-11-05,JPY,0.006347
2025-11-06,USD,1.0
2025-11-06,EUR,1.106855
2025-11-06,GBP,1.299163
2025-11-06,BRL,0.184365
2025-11-06,JPY,0.006395
2025-11-07,USD,1.0
2025-11-07,EUR,1.109872
2025-11-07,GBP,1.299907
2025-11-07,BRL,0.174885
2025-11-07,JPY,0.006458
2025-11-08,USD,1.0
2025-11-08,EUR,1.108855
2025-11-08,GBP,1.29769
2025-11-08,BRL,0.170204
2025-11-08,JPY,0.006532
2025-11-09,USD,1.0
2025-11-09,EUR,1.103941
2025-11-09,GBP,1.292679
2025-11-09,BRL,0.171807
2025-11-09,JPY,0.006614
2025-11-10,USD,1.0
2025-11-10,EUR,1.095793
2025-11-10,GBP,1.285244
2025-11-10,BRL,0.179187
2025-11-10,JPY,0.0067
2025-11-11,USD,1.0
2025-11-11,EUR,1.085512
2025-11-11,GBP,1.275936
2025-11-11,BRL,0.19
2025-11-11,JPY,0.006786
2025-11-12,USD,1.0
2025-11-12,EUR,1.074488
2025-11-12,GBP,1.265447
2025-11-12,BRL,0.200813
2025-11-12,JPY,0.006868
2025-11-13,USD,1.0
2025-11-13,EUR,1.064207
2025-11-13,GBP,1.254553
2025-11-13,BRL,0.208193
2025-11-13,JPY,0.006942
2025-11-14,USD,1.0
2025-11-14,EUR,1.056059
2025-11-14,GBP,1.244064
2025-11-14,BRL,0.209796
2025-11-14,JPY,0.007005
2025-11-15,USD,1.0
2025-11-15,EUR,1.051145
2025-11-15,GBP,1.234756
2025-11-15,BRL,0.205115
2025-11-15,JPY,0.007053
2025-11-16,USD,1.0
2025-11-16,EUR,1.050128
2025-11-16,GBP,1.227321
2025-11-16,BRL,0.195635
2025-11-16,JPY,0.007085
2025-11-17,USD,1.0
2025-11-17,EUR,1.053145
2025-11-17,GBP,1.22231
2025-11-17,BRL,0.184365
2025-11-17,JPY,0.007099
2025-11-18,USD,1.0
2025-11-18,EUR,1.059789
2025-11-18,GBP,1.220093
2025-11-18,BRL,0.174885
2025-11-18,JPY,0.007095
2025-11-19,USD,1.0
2025-11-19,EUR,1.069163
2025-11-19,GBP,1.220837
2025-11-19,BRL,0.170204
2025-11-19,JPY,0.007072
2025-11-20,USD,1.0
2025-11-20,EUR,1.08
2025-11-20,GBP,1.224485
2025-11-20,BRL,0.171807
2025-11-20,JPY,0.007031
2025-11-21,USD,1.0
2025-11-21,EUR,1.090837
2025-11-21,GBP,1.230767
2025-11-21,BRL,0.179187
2025-11-21,JPY,0.006975
2025-11-22,USD,1.0
2025-11-22,EUR,1.100211
2025-11-22,GBP,1.239217
2025-11-22,BRL,0.19
2025-11-22,JPY,0.006906
2025-11-23,USD,1.0
2025-11-23,EUR,1.106855
2025-11-23,GBP,1.249208
2025-11-23,BRL,0.200813
2025-11-23,JPY,0.006828
2025-11-24,USD,1.0
2025-11-24,EUR,1.109872
2025-11-24,GBP,1.26
2025-11-24,BRL,0.208193
2025-11-24,JPY,0.006743
2025-11-25,USD,1.0
2025-11-25,EUR,1.108855
2025-11-25,GBP,1.270792
2025-11-25,BRL,0.209796
2025-11-25,JPY,0.006657
2025-11-26,USD,1.0
2025-11-26,EUR,1.103941
2025-11-26,GBP,1.280783
2025-11-26,BRL,0.205115
2025-11-26,JPY,0.006572
2025-11-27,USD,1.0
2025-11-27,EUR,1.095793
2025-11-27,GBP,1.289233
2025-11-27,BRL,0.195635
2025-11-27,JPY,0.006494
2025-11-28,USD,1.0
2025-11-28,EUR,1.085512
2025-11-28,GBP,1.295515
2025-11-28,BRL,0.184365
2025-11-28,JPY,0.006425
2025-11-29,USD,1.0
2025-11-29,EUR,1.074488
2025-11-29,GBP,1.299163
2025-11-29,BRL,0.174885
2025-11-29,JPY,0.006369
2025-11-30,USD,1.0
2025-11-30,EUR,1.064207
2025-11-30,GBP,1.299907
2025-11-30,BRL,0.170204
2025-11-30,JPY,0.006328
2025-12-01,USD,1.0
2025-12-01,EUR,1.056059
2025-12-01,GBP,1.29769
2025-12-01,BRL,0.171807
2025-12-01,JPY,0.006305
2025-12-02,USD,1.0
2025-12-02,EUR,1.051145
2025-12-02,GBP,1.292679
2025-12-02,BRL,0.179187
2025-12-02,JPY,0.006301
2025-12-03,USD,1.0
2025-12-03,EUR,1.050128
2025-12-03,GBP,1.285244
2025-12-03,BRL,0.19
2025-12-03,JPY,0.006315
2025-12-04,USD,1.0
2025-12-04,EUR,1.053145
2025-12-04,GBP,1.275936
2025-12-04,BRL,0.200813
2025-12-04,JPY,0.006347
2025-12-05,USD,1.0
2025-12-05,EUR,1.059789
2025-12-05,GBP,1.265447
2025-12-05,BRL,0.208193
2025-12-05,JPY,0.006395
2025-12-06,USD,1.0
2025-12-06,EUR,1.069163
2025-12-06,GBP,1.254553
2025-12-06,BRL,0.209796
2025-12-06,JPY,0.006458
2025-12-07,USD,1.0
2025-12-07,EUR,1.08
2025-12-07,GBP,1.244064
2025-12-07,BRL,0.205115
2025-12-07,JPY,0.006532
2025-12-08,USD,1.0
2025-12-08,EUR,1.090837
2025-12-08,GBP,1.234756
2025-12-08,BRL,0.195635
2025-12-08,JPY,0.006614
2025-12-09,USD,1.0
2025-12-09,EUR,1.100211
2025-12-09,GBP,1.227321
2025-12-09,BRL,0.184365
2025-12-09,JPY,0.0067
2025-12-10,USD,1.0
2025-12-10,EUR,1.106855
2025-12-10,GBP,1.22231
2025-12-10,BRL,0.174885
2025-12-10,JPY,0.006786
2025-12-11,USD,1.0
2025-12-11,EUR,1.109872
2025-12-11,GBP,1.220093
2025-12-11,BRL,0.170204
2025-12-11,JPY,0.006868
2025-12-12,USD,1.0
2025-12-12,EUR,1.108855
2025-12-12,GBP,1.220837
2025-12-12,BRL,0.171807
2025-12-12,JPY,0.006942
2025-12-13,USD,1.0
2025-12-13,EUR,1.103941
2025-12-13,GBP,1.224485
2025-12-13,BRL,0.179187
2025-12-13,JPY,0.007005
2025-12-14,USD,1.0
2025-12-14,EUR,1.095793
2025-12-14,GBP,1.230767
2025-12-14,BRL,0.19
2025-12-14,JPY,0.007053
2025-12-15,USD,1.0
2025-12-15,EUR,1.085512
2025-12-15,GBP,1.239217
2025-12-15,BRL,0.200813
2025-12-15,JPY,0.007085
2025-12-16,USD,1.0
2025-12-16,EUR,1.074488
2025-12-16,GBP,1.249208
2025-12-16,BRL,0.208193
2025-12-16,JPY,0.007099
2025-12-17,USD,1.0
2025-12-17,EUR,1.064207
2025-12-17,GBP,1.26
2025-12-17,BRL,0.209796
2025-12-17,JPY,0.007095
2025-12-18,USD,1.0
2025-12-18,EUR,1.056059
2025-12-18,GBP,1.270792
2025-12-18,BRL,0.205115
2025-12-18,JPY,0.007072
2025-12-19,USD,1.0
2025-12-19,EUR,1.051145
2025-12-19,GBP,1.280783
2025-12-19,BRL,0.195635
2025-12-19,JPY,0.007031
2025-12-20,USD,1.0
2025-12-20,EUR,1.050128
2025-12-20,GBP,1.289233
2025-12-20,BRL,0.184365
2025-12-20,JPY,0.006975
2025-12-21,USD,1.0
2025-12-21,EUR,1.053145
2025-12-21,GBP,1.295515
2025-12-21,BRL,0.174885
2025-12-21,JPY,0.006906
2025-12-22,USD,1.0
2025-12-22,EUR,1.059789
2025-12-22,GBP,1.299163
2025-12-22,BRL,0.170204
2025-12-22,JPY,0.006828
2025-12-23,USD,1.0
2025-12-23,EUR,1.069163
2025-12-23,GBP,1.299907
2025-12-23,BRL,0.171807
2025-12-23,JPY,0.006743
2025-12-24,USD,1.0
2025-12-24,EUR,1.08
2025-12-24,GBP,1.29769
2025-12-24,BRL,0.179187
2025-12-24,JPY,0.006657
2025-12-25,USD,1.0
2025-12-25,EUR,1.090837
2025-12-25,GBP,1.292679
2025-12-25,BRL,0.19
2025-12-25,JPY,0.006572
2025-12-26,USD,1.0
2025-12-26,EUR,1.100211
2025-12-26,GBP,1.285244
2025-12-26,BRL,0.200813
2025-12-26,JPY,0.006494
2025-12-27,USD,1.0
2025-12-27,EUR,1.106855
2025-12-27,GBP,1.275936
2025-12-27,BRL,0.208193
2025-12-27,JPY,0.006425
2025-12-28,USD,1.0
2025-12-28,EUR,1.109872
2025-12-28,GBP,1.265447
2025-12-28,BRL,0.209796
2025-12-28,JPY,0.006369
2025-12-29,USD,1.0
2025-12-29,EUR,1.108855
2025-12-29,GBP,1.254553
2025-12-29,BRL,0.205115
2025-12-29,JPY,0.006328
2025-12-30,USD,1.0
2025-12-30,EUR,1.103941
2025-12-30,GBP,1.244064
2025-12-30,BRL,0.195635
2025-12-30,JPY,0.006305
2025-12-31,USD,1.0
2025-12-31,EUR,1.095793
2025-12-31,GBP,1.234756
2025-12-31,BRL,0.184365
2025-12-31,JPY,0.006301
2026-01-01,USD,1.0
2026-01-01,EUR,1.085512
2026-01-01,GBP,1.227321
2026-01-01,BRL,0.174885
2026-01-01,JPY,0.006315
2026-01-02,USD,1.0
2026-01-02,EUR,1.074488
2026-01-02,GBP,1.22231
2026-01-02,BRL,0.170204
2026-01-02,JPY,0.006347
2026-01-03,USD,1.0
2026-01-03,EUR,1.064207
2026-01-03,GBP,1.220093
2026-01-03,BRL,0.171807
2026-01-03,JPY,0.006395
2026-01-04,USD,1.0
2026-01-04,EUR,1.056059
2026-01-04,GBP,1.220837
2026-01-04,BRL,0.179187
2026-01-04,JPY,0.006458
2026-01-05,USD,1.0
2026-01-05,EUR,1.051145
2026-01-05,GBP,1.224485
2026-01-05,BRL,0.19
2026-01-05,JPY,0.006532
2026-01-06,USD,1.0
2026-01-06,EUR,1.050128
2026-01-06,GBP,1.230767
2026-01-06,BRL,0.200813
2026-01-06,JPY,0.006614
2026-01-07,USD,1.0
2026-01-07,EUR,1.053145
2026-01-07,GBP,1.239217
2026-01-07,BRL,0.208193
2026-01-07,JPY,0.0067
2026-01-08,USD,1.0
2026-01-08,EUR,1.059789
2026-01-08,GBP,1.249208
2026-01-08,BRL,0.209796
2026-01-08,JPY,0.006786
2026-01-09,USD,1.0
2026-01-09,EUR,1.069163
2026-01-09,GBP,1.26
2026-01-09,BRL,0.205115
2026-01-09,JPY,0.006868
2026-01-10,USD,1.0
2026-01-10,EUR,1.08
2026-01-10,GBP,1.270792
2026-01-10,BRL,0.195635
2026-01-10,JPY,0.006942
2026-01-11,USD,1.0
2026-01-11,EUR,1.090837
2026-01-11,GBP,1.280783
2026-01-11,BRL,0.184365
2026-01-11,JPY,0.007005
2026-01-12,USD,1.0
2026-01-12,EUR,1.100211
2026-01-12,GBP,1.289233
2026-01-12,BRL,0.174885
2026-01-12,JPY,0.007053
2026-01-13,USD,1.0
2026-01-13,EUR,1.106855
2026-01-13,GBP,1.295515
2026-01-13,BRL,0.170204
2026-01-13,JPY,0.007085
2026-01-14,USD,1.0
2026-01-14,EUR,1.109872
2026-01-14,GBP,1.299163
2026-01-14,BRL,0.171807
2026-01-14,JPY,0.007099
2026-01-15,USD,1.0
2026-01-15,EUR,1.108855
2026-01-15,GBP,1.299907
2026-01-15,BRL,0.179187
2026-01-15,JPY,0.007095
2026-01-16,USD,1.0
2026-01-16,EUR,1.103941
2026-01-16,GBP,1.29769
2026-01-16,BRL,0.19
2026-01-16,JPY,0.007072
2026-01-17,USD,1.0
2026-01-17,EUR,1.095793
2026-01-17,GBP,1.292679
2026-01-17,BRL,0.200813
2026-01-17,JPY,0.007031
2026-01-18,USD,1.0
2026-01-18,EUR,1.085512
2026-01-18,GBP,1.285244
2026-01-18,BRL,0.208193
2026-01-18,JPY,0.006975
2026-01-19,USD,1.0
2026-01-19,EUR,1.074488
2026-01-19,GBP,1.275936
2026-01-19,BRL,0.209796
2026-01-19,JPY,0.006906
2026-01-20,USD,1.0
2026-01-20,EUR,1.064207
2026-01-20,GBP,1.265447
2026-01-20,BRL,0.205115
2026-01-20,JPY,0.006828
2026-01-21,USD,1.0
2026-01-21,EUR,1.056059
2026-01-21,GBP,1.254553
2026-01-21,BRL,0.195635
2026-01-21,JPY,0.006743
2026-01-22,USD,1.0
2026-01-22,EUR,1.051145
2026-01-22,GBP,1.244064
2026-01-22,BRL,0.184365
2026-01-22,JPY,0.006657
2026-01-23,USD,1.0
2026-01-23,EUR,1.050128
2026-01-23,GBP,1.234756
2026-01-23,BRL,0.174885
2026-01-23,JPY,0.006572
2026-01-24,USD,1.0
2026-01-24,EUR,1.053145
2026-01-24,GBP,1.227321
2026-01-24,BRL,0.170204
2026-01-24,JPY,0.006494
2026-01-25,USD,1.0
2026-01-25,EUR,1.059789
2026-01-25,GBP,1.22231
2026-01-25,BRL,0.171807
2026-01-25,JPY,0.006425
2026-01-26,USD,1.0
2026-01-26,EUR,1.069163
2026-01-26,GBP,1.220093
2026-01-26,BRL,0.179187
2026-01-26,JPY,0.006369
2026-01-27,USD,1.0
2026-01-27,EUR,1.08
2026-01-27,GBP,1.220837
2026-01-27,BRL,0.19
2026-01-27,JPY,0.006328
2026-01-28,USD,1.0
2026-01-28,EUR,1.090837
2026-01-28,GBP,1.224485
2026-01-28,BRL,0.200813
2026-01-28,JPY,0.006305
2026-01-29,USD,1.0
2026-01-29,EUR,1.100211
2026-01-29,GBP,1.230767
2026-01-29,BRL,0.208193
2026-01-29,JPY,0.006301
2026-01-30,USD,1.0
2026-01-30,EUR,1.106855
2026-01-30,GBP,1.239217
2026-01-30,BRL,0.209796
2026-01-30,JPY,0.006315
2026-01-31,USD,1.0
2026-01-31,EUR,1.109872
2026-01-31,GBP,1.249208
2026-01-31,BRL,0.205115
2026-01-31,JPY,0.006347
2026-02-01,USD,1.0
2026-02-01,EUR,1.108855
2026-02-01,GBP,1.26
2026-02-01,BRL,0.195635
2026-02-01,JPY,0.006395
2026-02-02,USD,1.0
2026-02-02,EUR,1.103941
2026-02-02,GBP,1.270792
2026-02-02,BRL,0.184365
2026-02-02,JPY,0.006458
2026-02-03,USD,1.0
2026-02-03,EUR,1.095793
2026-02-03,GBP,1.280783
2026-02-03,BRL,0.174885
2026-02-03,JPY,0.006532
2026-02-04,USD,1.0
2026-02-04,EUR,1.085512
2026-02-04,GBP,1.289233
2026-02-04,BRL,0.170204
2026-02-04,JPY,0.006614
2026-02-05,USD,1.0
2026-02-05,EUR,1.074488
2026-02-05,GBP,1.295515
2026-02-05,BRL,0.171807
2026-02-05,JPY,0.0067
2026-02-06,USD,1.0
2026-02-06,EUR,1.064207
2026-02-06,GBP,1.299163
2026-02-06,BRL,0.179187
2026-02-06,JPY,0.006786
2026-02-07,USD,1.0
2026-02-07,EUR,1.056059
2026-02-07,GBP,1.299907
2026-02-07,BRL,0.19
2026-02-07,JPY,0.006868
2026-02-08,USD,1.0
2026-02-08,EUR,1.051145
2026-02-08,GBP,1.29769
2026-02-08,BRL,0.200813
2026-02-08,JPY,0.006942
2026-02-09,USD,1.0
2026-02-09,EUR,1.050128
2026-02-09,GBP,1.292679
2026-02-09,BRL,0.208193
2026-02-09,JPY,0.007005
2026-02-10,USD,1.0
2026-02-10,EUR,1.053145
2026-02-10,GBP,1.285244
2026-02-10,BRL,0.209796
2026-02-10,JPY,0.007053
2026-02-11,USD,1.0
2026-02-11,EUR,1.059789
2026-02-11,GBP,1.275936
2026-02-11,BRL,0.205115
2026-02-11,JPY,0.007085
2026-02-12,USD,1.0
2026-02-12,EUR,1.069163
2026-02-12,GBP,1.265447
2026-02-12,BRL,0.195635
2026-02-12,JPY,0.007099
2026-02-13,USD,1.0
2026-02-13,EUR,1.08
2026-02-13,GBP,1.254553
2026-02-13,BRL,0.184365
2026-02-13,JPY,0.007095
2026-02-14,USD,1.0
2026-02-14,EUR,1.090837
2026-02-14,GBP,1.244064
2026-02-14,BRL,0.174885
2026-02-14,JPY,0.007072
2026-02-15,USD,1.0
2026-02-15,EUR,1.100211
2026-02-15,GBP,1.234756
2026-02-15,BRL,0.170204
2026-02-15,JPY,0.007031
2026-02-16,USD,1.0
2026-02-16,EUR,1.106855
2026-02-16,GBP,1.227321
2026-02-16,BRL,0.171807
2026-02-16,JPY,0.006975
2026-02-17,USD,1.0
2026-02-17,EUR,1.109872
2026-02-17,GBP,1.22231
2026-02-17,BRL,0.179187
2026-02-17,JPY,0.006906
2026-02-18,USD,1.0
2026-02-18,EUR,1.108855
2026-02-18,GBP,1.220093
2026-02-18,BRL,0.19
2026-02-18,JPY,0.006828
2026-02-19,USD,1.0
2026-02-19,EUR,1.103941
2026-02-19,GBP,1.220837
2026-02-19,BRL,0.200813
2026-02-19,JPY,0.006743
2026-02-20,USD,1.0
2026-02-20,EUR,1.095793
2026-02-20,GBP,1.224485
2026-02-20,BRL,0.208193
2026-02-20,JPY,0.006657
2026-02-21,USD,1.0
2026-02-21,EUR,1.085512
2026-02-21,GBP,1.230767
2026-02-21,BRL,0.209796
2026-02-21,JPY,0.006572
2026-02-22,USD,1.0
2026-02-22,EUR,1.074488
2026-02-22,GBP,1.239217
2026-02-22,BRL,0.205115
2026-02-22,JPY,0.006494
2026-02-23,USD,1.0
2026-02-23,EUR,1.064207
2026-02-23,GBP,1.249208
2026-02-23,BRL,0.195635
2026-02-23,JPY,0.006425
2026-02-24,USD,1.0
2026-02-24,EUR,1.056059
2026-02-24,GBP,1.26
2026-02-24,BRL,0.184365
2026-02-24,JPY,0.006369
2026-02-25,USD,1.0
2026-02-25,EUR,1.051145
2026-02-25,GBP,1.270792
2026-02-25,BRL,0.174885
2026-02-25,JPY,0.006328
2026-02-26,USD,1.0
2026-02-26,EUR,1.050128
2026-02-26,GBP,1.280783
2026-02-26,BRL,0.170204
2026-02-26,JPY,0.006305
2026-02-27,USD,1.0
2026-02-27,EUR,1.053145
2026-02-27,GBP,1.289233
2026-02-27,BRL,0.171807
2026-02-27,JPY,0.006301
2026-02-28,USD,1.0
2026-02-28,EUR,1.059789
2026-02-28,GBP,1.295515
2026-02-28,BRL,0.179187
2026-02-28,JPY,0.006315
2026-03-01,USD,1.0
2026-03-01,EUR,1.069163
2026-03-01,GBP,1.299163
2026-03-01,BRL,0.19
2026-03-01,JPY,0.006347
2026-03-02,USD,1.0
2026-03-02,EUR,1.08
2026-03-02,GBP,1.299907
2026-03-02,BRL,0.200813
2026-03-02,JPY,0.006395
2026-03-03,USD,1.0
2026-03-03,EUR,1.090837
2026-03-03,GBP,1.29769
2026-03-03,BRL,0.208193
2026-03-03,JPY,0.006458
2026-03-04,USD,1.0
2026-03-04,EUR,1.100211
2026-03-04,GBP,1.292679
2026-03-04,BRL,0.209796
2026-03-04,JPY,0.006532
2026-03-05,USD,1.0
2026-03-05,EUR,1.106855
2026-03-05,GBP,1.285244
2026-03-05,BRL,0.205115
2026-03-05,JPY,0.006614
2026-03-06,USD,1.0
2026-03-06,EUR,1.109872
2026-03-06,GBP,1.275936
2026-03-06,BRL,0.195635
2026-03-06,JPY,0.0067
2026-03-07,USD,1.0
2026-03-07,EUR,1.108855
2026-03-07,GBP,1.265447
2026-03-07,BRL,0.184365
2026-03-07,JPY,0.006786
2026-03-08,USD,1.0
2026-03-08,EUR,1.103941
2026-03-08,GBP,1.254553
2026-03-08,BRL,0.174885
2026-03-08,JPY,0.006868
2026-03-09,USD,1.0
2026-03-09,EUR,1.095793
2026-03-09,GBP,1.244064
2026-03-09,BRL,0.170204
2026-03-09,JPY,0.006942
2026-03-10,USD,1.0
2026-03-10,EUR,1.085512
2026-03-10,GBP,1.234756
2026-03-10,BRL,0.171807
2026-03-10,JPY,0.007005
2026-03-11,USD,1.0
2026-03-11,EUR,1.074488
2026-03-11,GBP,1.227321
2026-03-11,BRL,0.179187
2026-03-11,JPY,0.007053
2026-03-12,USD,1.0
2026-03-12,EUR,1.064207
2026-03-12,GBP,1.22231
2026-03-12,BRL,0.19
2026-03-12,JPY,0.007085
2026-03-13,USD,1.0
2026-03-13,EUR,1.056059
2026-03-13,GBP,1.220093
2026-03-13,BRL,0.200813
2026-03-13,JPY,0.007099
2026-03-14,USD,1.0
2026-03-14,EUR,1.051145
2026-03-14,GBP,1.220837
2026-03-14,BRL,0.208193
2026-03-14,JPY,0.007095
2026-03-15,USD,1.0
2026-03-15,EUR,1.050128
2026-03-15,GBP,1.224485
2026-03-15,BRL,0.209796
2026-03-15,JPY,0.007072
2026-03-16,USD,1.0
2026-03-16,EUR,1.053145
2026-03-16,GBP,1.230767
2026-03-16,BRL,0.205115
2026-03-16,JPY,0.007031
2026-03-17,USD,1.0
2026-03-17,EUR,1.059789
2026-03-17,GBP,1.239217
2026-03-17,BRL,0.195635
2026-03-17,JPY,0.006975
2026-03-18,USD,1.0
2026-03-18,EUR,1.069163
2026-03-18,GBP,1.249208
2026-03-18,BRL,0.184365
2026-03-18,JPY,0.006906
2026-03-19,USD,1.0
2026-03-19,EUR,1.08
2026-03-19,GBP,1.26
2026-03-19,BRL,0.174885
2026-03-19,JPY,0.006828
2026-03-20,USD,1.0
2026-03-20,EUR,1.090837
2026-03-20,GBP,1.270792
2026-03-20,BRL,0.170204
2026-03-20,JPY,0.006743
2026-03-21,USD,1.0
2026-03-21,EUR,1.100211
2026-03-21,GBP,1.280783
2026-03-21,BRL,0.171807
2026-03-21,JPY,0.006657
2026-03-22,USD,1.0
2026-03-22,EUR,1.106855
2026-03-22,GBP,1.289233
2026-03-22,BRL,0.179187
2026-03-22,JPY,0.006572
2026-03-23,USD,1.0
2026-03-23,EUR,1.109872
2026-03-23,GBP,1.295515
2026-03-23,BRL,0.19
2026-03-23,JPY,0.006494
2026-03-24,USD,1.0
2026-03-24,EUR,1.108855
2026-03-24,GBP,1.299163
2026-03-24,BRL,0.200813
2026-03-24,JPY,0.006425
2026-03-25,USD,1.0
2026-03-25,EUR,1.103941
2026-03-25,GBP,1.299907
2026-03-25,BRL,0.208193
2026-03-25,JPY,0.006369
2026-03-26,USD,1.0
2026-03-26,EUR,1.095793
2026-03-26,GBP,1.29769
2026-03-26,BRL,0.209796
2026-03-26,JPY,0.006328
2026-03-27,USD,1.0
2026-03-27,EUR,1.085512
2026-03-27,GBP,1.292679
2026-03-27,BRL,0.205115
2026-03-27,JPY,0.006305
2026-03-28,USD,1.0
2026-03-28,EUR,1.074488
2026-03-28,GBP,1.285244
2026-03-28,BRL,0.195635
2026-03-28,JPY,0.006301
2026-03-29,USD,1.0
2026-03-29,EUR,1.064207
2026-03-29,GBP,1.275936
2026-03-29,BRL,0.184365
2026-03-29,JPY,0.006315
2026-03-30,USD,1.0
2026-03-30,EUR,1.056059
2026-03-30,GBP,1.265447
2026-03-30,BRL,0.174885
2026-03-30,JPY,0.006347
2026-03-31,USD,1.0
2026-03-31,EUR,1.051145
2026-03-31,GBP,1.254553
2026-03-31,BRL,0.170204
2026-03-31,JPY,0.006395
2026-04-01,USD,1.0
2026-04-01,EUR,1.050128
2026-04-01,GBP,1.244064
2026-04-01,BRL,0.171807
2026-04-01,JPY,0.006458
2026-04-02,USD,1.0
2026-04-02,EUR,1.053145
2026-04-02,GBP,1.234756
2026-04-02,BRL,0.179187
2026-04-02,JPY,0.006532
2026-04-03,USD,1.0
2026-04-03,EUR,1.059789
2026-04-03,GBP,1.227321
2026-04-03,BRL,0.19
2026-04-03,JPY,0.006614
2026-04-04,USD,1.0
2026-04-04,EUR,1.069163
2026-04-04,GBP,1.22231
2026-04-04,BRL,0.200813
2026-04-04,JPY,0.0067
2026-04-05,USD,1.0
2026-04-05,EUR,1.08
2026-04-05,GBP,1.220093
2026-04-05,BRL,0.208193
2026-04-05,JPY,0.006786
2026-04-06,USD,1.0
2026-04-06,EUR,1.090837
2026-04-06,GBP,1.220837
2026-04-06,BRL,0.209796
2026-04-06,JPY,0.006868
2026-04-07,USD,1.0
2026-04-07,EUR,1.100211
2026-04-07,GBP,1.224485
2026-04-07,BRL,0.205115
2026-04-07,JPY,0.006942
2026-04-08,USD,1.0
2026-04-08,EUR,1.106855
2026-04-08,GBP,1.230767
2026-04-08,BRL,0.195635
2026-04-08,JPY,0.007005
2026-04-09,USD,1.0
2026-04-09,EUR,1.109872
2026-04-09,GBP,1.239217
2026-04-09,BRL,0.184365
2026-04-09,JPY,0.007053
2026-04-10,USD,1.0
2026-04-10,EUR,1.108855
2026-04-10,GBP,1.249208
2026-04-10,BRL,0.174885
2026-04-10,JPY,0.007085
2026-04-11,USD,1.0
2026-04-11,EUR,1.103941
2026-04-11,GBP,1.26
2026-04-11,BRL,0.170204
2026-04-11,JPY,0.007099
2026-04-12,USD,1.0
2026-04-12,EUR,1.095793
2026-04-12,GBP,1.270792
2026-04-12,BRL,0.171807
2026-04-12,JPY,0.007095
2026-04-13,USD,1.0
2026-04-13,EUR,1.085512
2026-04-13,GBP,1.280783
2026-04-13,BRL,0.179187
2026-04-13,JPY,0.007072
2026-04-14,USD,1.0
2026-04-14,EUR,1.074488
2026-04-14,GBP,1.289233
2026-04-14,BRL,0.19
2026-04-14,JPY,0.007031
2026-04-15,USD,1.0
2026-04-15,EUR,1.064207
2026-04-15,GBP,1.295515
2026-04-15,BRL,0.200813
2026-04-15,JPY,0.006975
2026-04-16,USD,1.0
2026-04-16,EUR,1.056059
2026-04-16,GBP,1.299163
2026-04-16,BRL,0.208193
2026-04-16,JPY,0.006906
2026-04-17,USD,1.0
2026-04-17,EUR,1.051145
2026-04-17,GBP,1.299907
2026-04-17,BRL,0.209796
2026-04-17,JPY,0.006828
2026-04-18,USD,1.0
2026-04-18,EUR,1.050128
2026-04-18,GBP,1.29769
2026-04-18,BRL,0.205115
2026-04-18,JPY,0.006743
2026-04-19,USD,1.0
2026-04-19,EUR,1.053145
2026-04-19,GBP,1.292679
2026-04-19,BRL,0.195635
2026-04-19,JPY,0.006657
2026-04-20,USD,1.0
2026-04-20,EUR,1.059789
2026-04-20,GBP,1.285244
2026-04-20,BRL,0.184365
2026-04-20,JPY,0.006572
2026-04-21,USD,1.0
2026-04-21,EUR,1.069163
2026-04-21,GBP,1.275936
2026-04-21,BRL,0.174885
2026-04-21,JPY,0.006494
2026-04-22,USD,1.0
2026-04-22,EUR,1.08
2026-04-22,GBP,1.265447
2026-04-22,BRL,0.170204
2026-04-22,JPY,0.006425
2026-04-23,USD,1.0
2026-04-23,EUR,1.090837
2026-04-23,GBP,1.254553
2026-04-23,BRL,0.171807
2026-04-23,JPY,0.006369
2026-04-24,USD,1.0
2026-04-24,EUR,1.100211
2026-04-24,GBP,1.244064
2026-04-24,BRL,0.179187
2026-04-24,JPY,0.006328
2026-04-25,USD,1.0
2026-04-25,EUR,1.106855
2026-04-25,GBP,1.234756
2026-04-25,BRL,0.19
2026-04-25,JPY,0.006305
2026-04-26,USD,1.0
2026-04-26,EUR,1.109872
2026-04-26,GBP,1.227321
2026-04-26,BRL,0.200813
2026-04-26,JPY,0.006301
2026-04-27,USD,1.0
2026-04-27,EUR,1.108855
2026-04-27,GBP,1.22231
2026-04-27,BRL,0.208193
2026-04-27,JPY,0.006315
2026-04-28,USD,1.0
2026-04-28,EUR,1.103941
2026-04-28,GBP,1.220093
2026-04-28,BRL,0.209796
2026-04-28,JPY,0.006347
2026-04-29,USD,1.0
2026-04-29,EUR,1.095793
2026-04-29,GBP,1.220837
2026-04-29,BRL,0.205115
2026-04-29,JPY,0.006395
2026-04-30,USD,1.0
2026-04-30,EUR,1.085512
2026-04-30,GBP,1.224485
2026-04-30,BRL,0.195635
2026-04-30,JPY,0.006458
2026-05-01,USD,1.0
2026-05-01,EUR,1.074488
2026-05-01,GBP,1.230767
2026-05-01,BRL,0.184365
2026-05-01,JPY,0.006532
2026-05-02,USD,1.0
2026-05-02,EUR,1.064207
2026-05-02,GBP,1.239217
2026-05-02,BRL,0.174885
2026-05-02,JPY,0.006614
2026-05-03,USD,1.0
2026-05-03,EUR,1.056059
2026-05-03,GBP,1.249208
2026-05-03,BRL,0.170204
2026-05-03,JPY,0.0067
2026-05-04,USD,1.0
2026-05-04,EUR,1.051145
2026-05-04,GBP,1.26
2026-05-04,BRL,0.171807
2026-05-04,JPY,0.006786
2026-05-05,USD,1.0
2026-05-05,EUR,1.050128
2026-05-05,GBP,1.270792
2026-05-05,BRL,0.179187
2026-05-05,JPY,0.006868
2026-05-06,USD,1.0
2026-05-06,EUR,1.053145
2026-05-06,GBP,1.280783
2026-05-06,BRL,0.19
2026-05-06,JPY,0.006942
2026-05-07,USD,1.0
2026-05-07,EUR,1.059789
2026-05-07,GBP,1.289233
2026-05-07,BRL,0.200813
2026-05-07,JPY,0.007005
2026-05-08,USD,1.0
2026-05-08,EUR,1.069163
2026-05-08,GBP,1.295515
2026-05-08,BRL,0.208193
2026-05-08,JPY,0.007053
2026-05-09,USD,1.0
2026-05-09,EUR,1.08
2026-05-09,GBP,1.299163
2026-05-09,BRL,0.209796
2026-05-09,JPY,0.007085
2026-05-10,USD,1.0
2026-05-10,EUR,1.090837
2026-05-10,GBP,1.299907
2026-05-10,BRL,0.205115
2026-05-10,JPY,0.007099
2026-05-11,USD,1.0
2026-05-11,EUR,1.100211
2026-05-11,GBP,1.29769
2026-05-11,BRL,0.195635
2026-05-11,JPY,0.007095
2026-05-12,USD,1.0
2026-05-12,EUR,1.106855
2026-05-12,GBP,1.292679
2026-05-12,BRL,0.184365
2026-05-12,JPY,0.007072
2026-05-13,USD,1.0
2026-05-13,EUR,1.109872
2026-05-13,GBP,1.285244
2026-05-13,BRL,0.174885
2026-05-13,JPY,0.007031
2026-05-14,USD,1.0
2026-05-14,EUR,1.108855
2026-05-14,GBP,1.275936
2026-05-14,BRL,0.170204
2026-05-14,JPY,0.006975
2026-05-15,USD,1.0
2026-05-15,EUR,1.103941
2026-05-15,GBP,1.265447
2026-05-15,BRL,0.171807
2026-05-15,JPY,0.006906
2026-05-16,USD,1.0
2026-05-16,EUR,1.095793
2026-05-16,GBP,1.254553
2026-05-16,BRL,0.179187
2026-05-16,JPY,0.006828
2026-05-17,USD,1.0
2026-05-17,EUR,1.085512
2026-05-17,GBP,1.244064
2026-05-17,BRL,0.19
2026-05-17,JPY,0.006743
2026-05-18,USD,1.0
2026-05-18,EUR,1.074488
2026-05-18,GBP,1.234756
2026-05-18,BRL,0.200813
2026-05-18,JPY,0.006657
2026-05-19,USD,1.0
2026-05-19,EUR,1.064207
2026-05-19,GBP,1.227321
2026-05-19,BRL,0.208193
2026-05-19,JPY,0.006572
2026-05-20,USD,1.0
2026-05-20,EUR,1.056059
2026-05-20,GBP,1.22231
2026-05-20,BRL,0.209796
2026-05-20,JPY,0.006494
2026-05-21,USD,1.0
2026-05-21,EUR,1.051145
2026-05-21,GBP,1.220093
2026-05-21,BRL,0.205115
2026-05-21,JPY,0.006425
2026-05-22,USD,1.0
2026-05-22,EUR,1.050128
2026-05-22,GBP,1.220837
2026-05-22,BRL,0.195635
2026-05-22,JPY,0.006369
2026-05-23,USD,1.0
2026-05-23,EUR,1.053145
2026-05-23,GBP,1.224485
2026-05-23,BRL,0.184365
2026-05-23,JPY,0.006328
2026-05-24,USD,1.0
2026-05-24,EUR,1.059789
2026-05-24,GBP,1.230767
2026-05-24,BRL,0.174885
2026-05-24,JPY,0.006305
2026-05-25,USD,1.0
2026-05-25,EUR,1.069163
2026-05-25,GBP,1.239217
2026-05-25,BRL,0.170204
2026-05-25,JPY,0.006301
2026-05-26,USD,1.0
2026-05-26,EUR,1.08
2026-05-26,GBP,1.249208
2026-05-26,BRL,0.171807
2026-05-26,JPY,0.006315
2026-05-27,USD,1.0
2026-05-27,EUR,1.090837
2026-05-27,GBP,1.26
2026-05-27,BRL,0.179187
2026-05-27,JPY,0.006347
2026-05-28,USD,1.0
2026-05-28,EUR,1.100211
2026-05-28,GBP,1.270792
2026-05-28,BRL,0.19
2026-05-28,JPY,0.006395
2026-05-29,USD,1.0
2026-05-29,EUR,1.106855
2026-05-29,GBP,1.280783
2026-05-29,BRL,0.200813
2026-05-29,JPY,0.006458
2026-05-30,USD,1.0
2026-05-30,EUR,1.109872
2026-05-30,GBP,1.289233
2026-05-30,BRL,0.208193
2026-05-30,JPY,0.006532
2026-05-31,USD,1.0
2026-05-31,EUR,1.108855
2026-05-31,GBP,1.295515
2026-05-31,BRL,0.209796
2026-05-31,JPY,0.006614
2026-06-01,USD,1.0
2026-06-01,EUR,1.103941
2026-06-01,GBP,1.299163
2026-06-01,BRL,0.205115
2026-06-01,JPY,0.0067
2026-06-02,USD,1.0
2026-06-02,EUR,1.095793
2026-06-02,GBP,1.299907
2026-06-02,BRL,0.195635
2026-06-02,JPY,0.006786
2026-06-03,USD,1.0
2026-06-03,EUR,1.085512
2026-06-03,GBP,1.29769
2026-06-03,BRL,0.184365
2026-06-03,JPY,0.006868
2026-06-04,USD,1.0
2026-06-04,EUR,1.074488
2026-06-04,GBP,1.292679
2026-06-04,BRL,0.174885
2026-06-04,JPY,0.006942
2026-06-05,USD,1.0
2026-06-05,EUR,1.064207
2026-06-05,GBP,1.285244
2026-06-05,BRL,0.170204
2026-06-05,JPY,0.007005
2026-06-06,USD,1.0
2026-06-06,EUR,1.056059
2026-06-06,GBP,1.275936
2026-06-06,BRL,0.171807
2026-06-06,JPY,0.007053
2026-06-07,USD,1.0
2026-06-07,EUR,1.051145
2026-06-07,GBP,1.265447
2026-06-07,BRL,0.179187
2026-06-07,JPY,0.007085
2026-06-08,USD,1.0
2026-06-08,EUR,1.050128
2026-06-08,GBP,1.254553
2026-06-08,BRL,0.19
2026-06-08,JPY,0.007099
2026-06-09,USD,1.0
2026-06-09,EUR,1.053145
2026-06-09,GBP,1.244064
2026-06-09,BRL,0.200813
2026-06-09,JPY,0.007095
2026-06-10,USD,1.0
2026-06-10,EUR,1.059789
2026-06-10,GBP,1.234756
2026-06-10,BRL,0.208193
2026-06-10,JPY,0.007072
2026-06-11,USD,1.0
2026-06-11,EUR,1.069163
2026-06-11,GBP,1.227321
2026-06-11,BRL,0.209796
2026-06-11,JPY,0.007031
2026-06-12,USD,1.0
2026-06-12,EUR,1.08
2026-06-12,GBP,1.22231
2026-06-12,BRL,0.205115
2026-06-12,JPY,0.006975
2026-06-13,USD,1.0
2026-06-13,EUR,1.090837
2026-06-13,GBP,1.220093
2026-06-13,BRL,0.195635
2026-06-13,JPY,0.006906
2026-06-14,USD,1.0
2026-06-14,EUR,1.100211
2026-06-14,GBP,1.220837
2026-06-14,BRL,0.184365
2026-06-14,JPY,0.006828
2026-06-15,USD,1.0
2026-06-15,EUR,1.106855
2026-06-15,GBP,1.224485
2026-06-15,BRL,0.174885
2026-06-15,JPY,0.006743
2026-06-16,USD,1.0
2026-06-16,EUR,1.109872
2026-06-16,GBP,1.230767
2026-06-16,BRL,0.170204
2026-06-16,JPY,0.006657
2026-06-17,USD,1.0
2026-06-17,EUR,1.108855
2026-06-17,GBP,1.239217
2026-06-17,BRL,0.171807
2026-06-17,JPY,0.006572
2026-06-18,USD,1.0
2026-06-18,EUR,1.103941
2026-06-18,GBP,1.249208
2026-06-18,BRL,0.179187
2026-06-18,JPY,0.006494
2026-06-19,USD,1.0
2026-06-19,EUR,1.095793
2026-06-19,GBP,1.26
2026-06-19,BRL,0.19
2026-06-19,JPY,0.006425
2026-06-20,USD,1.0
2026-06-20,EUR,1.085512
2026-06-20,GBP,1.270792
2026-06-20,BRL,0.200813
2026-06-20,JPY,0.006369
2026-06-21,USD,1.0
2026-06-21,EUR,1.074488
2026-06-21,GBP,1.280783
2026-06-21,BRL,0.208193
2026-06-21,JPY,0.006328
2026-06-22,USD,1.0
2026-06-22,EUR,1.064207
2026-06-22,GBP,1.289233
2026-06-22,BRL,0.209796
2026-06-22,JPY,0.006305
2026-06-23,USD,1.0
2026-06-23,EUR,1.056059
2026-06-23,GBP,1.295515
2026-06-23,BRL,0.205115
2026-06-23,JPY,0.006301
2026-06-24,USD,1.0
2026-06-24,EUR,1.051145
2026-06-24,GBP,1.299163
2026-06-24,BRL,0.195635
2026-06-24,JPY,0.006315
2026-06-25,USD,1.0
2026-06-25,EUR,1.050128
2026-06-25,GBP,1.299907
2026-06-25,BRL,0.184365
2026-06-25,JPY,0.006347
2026-06-26,USD,1.0
2026-06-26,EUR,1.053145
2026-06-26,GBP,1.29769
2026-06-26,BRL,0.174885
2026-06-26,JPY,0.006395
2026-06-27,USD,1.0
2026-06-27,EUR,1.059789
2026-06-27,GBP,1.292679
2026-06-27,BRL,0.170204
2026-06-27,JPY,0.006458
2026-06-28,USD,1.0
2026-06-28,EUR,1.069163
2026-06-28,GBP,1.285244
2026-06-28,BRL,0.171807
2026-06-28,JPY,0.006532
2026-06-29,USD,1.0
2026-06-29,EUR,1.08
2026-06-29,GBP,1.275936
2026-06-29,BRL,0.179187
2026-06-29,JPY,0.006614
2026-06-30,USD,1.0
2026-06-30,EUR,1.090837
2026-06-30,GBP,1.265447
2026-06-30,BRL,0.19
2026-06-30,JPY,0.0067
2026-07-01,USD,1.0
2026-07-01,EUR,1.100211
2026-07-01,GBP,1.254553
2026-07-01,BRL,0.200813
2026-07-01,JPY,0.006786
2026-07-02,USD,1.0
2026-07-02,EUR,1.106855
2026-07-02,GBP,1.244064
2026-07-02,BRL,0.208193
2026-07-02,JPY,0.006868
2026-07-03,USD,1.0
2026-07-03,EUR,1.109872
2026-07-03,GBP,1.234756
2026-07-03,BRL,0.209796
2026-07-03,JPY,0.006942
2026-07-04,USD,1.0
2026-07-04,EUR,1.108855
2026-07-04,GBP,1.227321
2026-07-04,BRL,0.205115
2026-07-04,JPY,0.007005
2026-07-05,USD,1.0
2026-07-05,EUR,1.103941
2026-07-05,GBP,1.22231
2026-07-05,BRL,0.195635
2026-07-05,JPY,0.007053
2026-07-06,USD,1.0
2026-07-06,EUR,1.095793
2026-07-06,GBP,1.220093
2026-07-06,BRL,0.184365
2026-07-06,JPY,0.007085
2026-07-07,USD,1.0
2026-07-07,EUR,1.085512
2026-07-07,GBP,1.220837
2026-07-07,BRL,0.174885
2026-07-07,JPY,0.007099
2026-07-08,USD,1.0
2026-07-08,EUR,1.074488
2026-07-08,GBP,1.224485
2026-07-08,BRL,0.170204
2026-07-08,JPY,0.007095
2026-07-09,USD,1.0
2026-07-09,EUR,1.064207
2026-07-09,GBP,1.230767
2026-07-09,BRL,0.171807
2026-07-09,JPY,0.007072
2026-07-10,USD,1.0
2026-07-10,EUR,1.056059
2026-07-10,GBP,1.239217
2026-07-10,BRL,0.179187
2026-07-10,JPY,0.007031
2026-07-11,USD,1.0
2026-07-11,EUR,1.051145
2026-07-11,GBP,1.249208
2026-07-11,BRL,0.19
2026-07-11,JPY,0.006975
2026-07-12,USD,1.0
2026-07-12,EUR,1.050128
2026-07-12,GBP,1.26
2026-07-12,BRL,0.200813
2026-07-12,JPY,0.006906
2026-07-13,USD,1.0
2026-07-13,EUR,1.053145
2026-07-13,GBP,1.270792
2026-07-13,BRL,0.208193
2026-07-13,JPY,0.006828
2026-07-14,USD,1.0
2026-07-14,EUR,1.059789
2026-07-14,GBP,1.280783
2026-07-14,BRL,0.209796
2026-07-14,JPY,0.006743
2026-07-15,USD,1.0
2026-07-15,EUR,1.069163
2026-07-15,GBP,1.289233
2026-07-15,BRL,0.205115
2026-07-15,JPY,0.006657
2026-07-16,USD,1.0
2026-07-16,EUR,1.08
2026-07-16,GBP,1.295515
2026-07-16,BRL,0.195635
2026-07-16,JPY,0.006572
2026-07-17,USD,1.0
2026-07-17,EUR,1.090837
2026-07-17,GBP,1.299163
2026-07-17,BRL,0.184365
2026-07-17,JPY,0.006494
2026-07-18,USD,1.0
2026-07-18,EUR,1.100211
2026-07-18,GBP,1.299907
2026-07-18,BRL,0.174885
2026-07-18,JPY,0.006425
2026-07-19,USD,1.0
2026-07-19,EUR,1.106855
2026-07-19,GBP,1.29769
2026-07-19,BRL,0.170204
2026-07-19,JPY,0.006369
2026-07-20,USD,1.0
2026-07-20,EUR,1.109872
2026-07-20,GBP,1.292679
2026-07-20,BRL,0.171807
2026-07-20,JPY,0.006328
2026-07-21,USD,1.0
2026-07-21,EUR,1.108855
2026-07-21,GBP,1.285244
2026-07-21,BRL,0.179187
2026-07-21,JPY,0.006305
2026-07-22,USD,1.0
2026-07-22,EUR,1.103941
2026-07-22,GBP,1.275936
2026-07-22,BRL,0.19
2026-07-22,JPY,0.006301
2026-07-23,USD,1.0
2026-07-23,EUR,1.095793
2026-07-23,GBP,1.265447
2026-07-23,BRL,0.200813
2026-07-23,JPY,0.006315
2026-07-24,USD,1.0
2026-07-24,EUR,1.085512
2026-07-24,GBP,1.254553
2026-07-24,BRL,0.208193
2026-07-24,JPY,0.006347
2026-07-25,USD,1.0
2026-07-25,EUR,1.074488
2026-07-25,GBP,1.244064
2026-07-25,BRL,0.209796
2026-07-25,JPY,0.006395
2026-07-26,USD,1.0
2026-07-26,EUR,1.064207
2026-07-26,GBP,1.234756
2026-07-26,BRL,0.205115
2026-07-26,JPY,0.006458
2026-07-27,USD,1.0
2026-07-27,EUR,1.056059
2026-07-27,GBP,1.227321
2026-07-27,BRL,0.195635
2026-07-27,JPY,0.006532
2026-07-28,USD,1.0
2026-07-28,EUR,1.051145
2026-07-28,GBP,1.22231
2026-07-28,BRL,0.184365
2026-07-28,JPY,0.006614
2026-07-29,USD,1.0
2026-07-29,EUR,1.050128
2026-07-29,GBP,1.220093
2026-07-29,BRL,0.174885
2026-07-29,JPY,0.0067
2026-07-30,USD,1.0
2026-07-30,EUR,1.053145
2026-07-30,GBP,1.220837
2026-07-30,BRL,0.170204
2026-07-30,JPY,0.006786
2026-07-31,USD,1.0
2026-07-31,EUR,1.059789
2026-07-31,GBP,1.224485
2026-07-31,BRL,0.171807
2026-07-31,JPY,0.006868
2026-08-01,USD,1.0
2026-08-01,EUR,1.069163
2026-08-01,GBP,1.230767
2026-08-01,BRL,0.179187
2026-08-01,JPY,0.006942
2026-08-02,USD,1.0
2026-08-02,EUR,1.08
2026-08-02,GBP,1.239217
2026-08-02,BRL,0.19
2026-08-02,JPY,0.007005
2026-08-03,USD,1.0
2026-08-03,EUR,1.090837
2026-08-03,GBP,1.249208
2026-08-03,BRL,0.200813
2026-08-03,JPY,0.007053
2026-08-04,USD,1.0
2026-08-04,EUR,1.100211
2026-08-04,GBP,1.26
2026-08-04,BRL,0.208193
2026-08-04,JPY,0.007085
2026-08-05,USD,1.0
2026-08-05,EUR,1.106855
2026-08-05,GBP,1.270792
2026-08-05,BRL,0.209796
2026-08-05,JPY,0.007099
2026-08-06,USD,1.0
2026-08-06,EUR,1.109872
2026-08-06,GBP,1.280783
2026-08-06,BRL,0.205115
2026-08-06,JPY,0.007095
2026-08-07,USD,1.0
2026-08-07,EUR,1.108855
2026-08-07,GBP,1.289233
2026-08-07,BRL,0.195635
2026-08-07,JPY,0.007072
2026-08-08,USD,1.0
2026-08-08,EUR,1.103941
2026-08-08,GBP,1.295515
2026-08-08,BRL,0.184365
2026-08-08,JPY,0.007031
2026-08-09,USD,1.0
2026-08-09,EUR,1.095793
2026-08-09,GBP,1.299163
2026-08-09,BRL,0.174885
2026-08-09,JPY,0.006975
2026-08-10,USD,1.0
2026-08-10,EUR,1.085512
2026-08-10,GBP,1.299907
2026-08-10,BRL,0.170204
2026-08-10,JPY,0.006906
2026-08-11,USD,1.0
2026-08-11,EUR,1.074488
2026-08-11,GBP,1.29769
2026-08-11,BRL,0.171807
2026-08-11,JPY,0.006828
2026-08-12,USD,1.0
2026-08-12,EUR,1.064207
2026-08-12,GBP,1.292679
2026-08-12,BRL,0.179187
2026-08-12,JPY,0.006743
2026-08-13,USD,1.0
2026-08-13,EUR,1.056059
2026-08-13,GBP,1.285244
2026-08-13,BRL,0.19
2026-08-13,JPY,0.006657
2026-08-14,USD,1.0
2026-08-14,EUR,1.051145
2026-08-14,GBP,1.275936
2026-08-14,BRL,0.200813
2026-08-14,JPY,0.006572
2026-08-15,USD,1.0
2026-08-15,EUR,1.050128
2026-08-15,GBP,1.265447
2026-08-15,BRL,0.208193
2026-08-15,JPY,0.006494
2026-08-16,USD,1.0
2026-08-16,EUR,1.053145
2026-08-16,GBP,1.254553
2026-08-16,BRL,0.209796
2026-08-16,JPY,0.006425
2026-08-17,USD,1.0
2026-08-17,EUR,1.059789
2026-08-17,GBP,1.244064
2026-08-17,BRL,0.205115
2026-08-17,JPY,0.006369
2026-08-18,USD,1.0
2026-08-18,EUR,1.069163
2026-08-18,GBP,1.234756
2026-08-18,BRL,0.195635
2026-08-18,JPY,0.006328
2026-08-19,USD,1.0
2026-08-19,EUR,1.08
2026-08-19,GBP,1.227321
2026-08-19,BRL,0.184365
2026-08-19,JPY,0.006305
2026-08-20,USD,1.0
2026-08-20,EUR,1.090837
2026-08-20,GBP,1.22231
2026-08-20,BRL,0.174885
2026-08-20,JPY,0.006301
2026-08-21,USD,1.0
2026-08-21,EUR,1.100211
2026-08-21,GBP,1.220093
2026-08-21,BRL,0.170204
2026-08-21,JPY,0.006315
2026-08-22,USD,1.0
2026-08-22,EUR,1.106855
2026-08-22,GBP,1.220837
2026-08-22,BRL,0.171807
2026-08-22,JPY,0.006347
2026-08-23,USD,1.0
2026-08-23,EUR,1.109872
2026-08-23,GBP,1.224485
2026-08-23,BRL,0.179187
2026-08-23,JPY,0.006395
2026-08-24,USD,1.0
2026-08-24,EUR,1.108855
2026-08-24,GBP,1.230767
2026-08-24,BRL,0.19
2026-08-24,JPY,0.006458
2026-08-25,USD,1.0
2026-08-25,EUR,1.103941
2026-08-25,GBP,1.239217
2026-08-25,BRL,0.200813
2026-08-25,JPY,0.006532
2026-08-26,USD,1.0
2026-08-26,EUR,1.095793
2026-08-26,GBP,1.249208
2026-08-26,BRL,0.208193
2026-08-26,JPY,0.006614
2026-08-27,USD,1.0
2026-08-27,EUR,1.085512
2026-08-27,GBP,1.26
2026-08-27,BRL,0.209796
2026-08-27,JPY,0.0067
2026-08-28,USD,1.0
2026-08-28,EUR,1.074488
2026-08-28,GBP,1.270792
2026-08-28,BRL,0.205115
2026-08-28,JPY,0.006786
2026-08-29,USD,1.0
2026-08-29,EUR,1.064207
2026-08-29,GBP,1.280783
2026-08-29,BRL,0.195635
2026-08-29,JPY,0.006868
2026-08-30,USD,1.0
2026-08-30,EUR,1.056059
2026-08-30,GBP,1.289233
2026-08-30,BRL,0.184365
2026-08-30,JPY,0.006942
2026-08-31,USD,1.0
2026-08-31,EUR,1.051145
2026-08-31,GBP,1.295515
2026-08-31,BRL,0.174885
2026-08-31,JPY,0.007005
2026-09-01,USD,1.0
2026-09-01,EUR,1.050128
2026-09-01,GBP,1.299163
2026-09-01,BRL,0.170204
2026-09-01,JPY,0.007053
2026-09-02,USD,1.0
2026-09-02,EUR,1.053145
2026-09-02,GBP,1.299907
2026-09-02,BRL,0.171807
2026-09-02,JPY,0.007085
2026-09-03,USD,1.0
2026-09-03,EUR,1.059789
2026-09-03,GBP,1.29769
2026-09-03,BRL,0.179187
2026-09-03,JPY,0.007099
2026-09-04,USD,1.0
2026-09-04,EUR,1.069163
2026-09-04,GBP,1.292679
2026-09-04,BRL,0.19
2026-09-04,JPY,0.007095
2026-09-05,USD,1.0
2026-09-05,EUR,1.08
2026-09-05,GBP,1.285244
2026-09-05,BRL,0.200813
2026-09-05,JPY,0.007072
2026-09-06,USD,1.0
2026-09-06,EUR,1.090837
2026-09-06,GBP,1.275936
2026-09-06,BRL,0.208193
2026-09-06,JPY,0.007031
2026-09-07,USD,1.0
2026-09-07,EUR,1.100211
2026-09-07,GBP,1.265447
2026-09-07,BRL,0.209796
2026-09-07,JPY,0.006975
2026-09-08,USD,1.0
2026-09-08,EUR,1.106855
2026-09-08,GBP,1.254553
2026-09-08,BRL,0.205115
2026-09-08,JPY,0.006906
2026-09-09,USD,1.0
2026-09-09,EUR,1.109872
2026-09-09,GBP,1.244064
2026-09-09,BRL,0.195635
2026-09-09,JPY,0.006828
2026-09-10,USD,1.0
2026-09-10,EUR,1.108855
2026-09-10,GBP,1.234756
2026-09-10,BRL,0.184365
2026-09-10,JPY,0.006743
2026-09-11,USD,1.0
2026-09-11,EUR,1.103941
2026-09-11,GBP,1.227321
2026-09-11,BRL,0.174885
2026-09-11,JPY,0.006657
2026-09-12,USD,1.0
2026-09-12,EUR,1.095793
2026-09-12,GBP,1.22231
2026-09-12,BRL,0.170204
2026-09-12,JPY,0.006572
2026-09-13,USD,1.0
2026-09-13,EUR,1.085512
2026-09-13,GBP,1.220093
2026-09-13,BRL,0.171807
2026-09-13,JPY,0.006494
2026-09-14,USD,1.0
2026-09-14,EUR,1.074488
2026-09-14,GBP,1.220837
2026-09-14,BRL,0.179187
2026-09-14,JPY,0.006425
2026-09-15,USD,1.0
2026-09-15,EUR,1.064207
2026-09-15,GBP,1.224485
2026-09-15,BRL,0.19
2026-09-15,JPY,0.006369
2026-09-16,USD,1.0
2026-09-16,EUR,1.056059
2026-09-16,GBP,1.230767
2026-09-16,BRL,0.200813
2026-09-16,JPY,0.006328
2026-09-17,USD,1.0
2026-09-17,EUR,1.051145
2026-09-17,GBP,1.239217
2026-09-17,BRL,0.208193
2026-09-17,JPY,0.006305
2026-09-18,USD,1.0
2026-09-18,EUR,1.050128
2026-09-18,GBP,1.249208
2026-09-18,BRL,0.209796
2026-09-18,JPY,0.006301
2026-09-19,USD,1.0
2026-09-19,EUR,1.053145
2026-09-19,GBP,1.26
2026-09-19,BRL,0.205115
2026-09-19,JPY,0.006315
2026-09-20,USD,1.0
2026-09-20,EUR,1.059789
2026-09-20,GBP,1.270792
2026-09-20,BRL,0.195635
2026-09-20,JPY,0.006347
2026-09-21,USD,1.0
2026-09-21,EUR,1.069163
2026-09-21,GBP,1.280783
2026-09-21,BRL,0.184365
2026-09-21,JPY,0.006395
2026-09-22,USD,1.0
2026-09-22,EUR,1.08
2026-09-22,GBP,1.289233
2026-09-22,BRL,0.174885
2026-09-22,JPY,0.006458
2026-09-23,USD,1.0
2026-09-23,EUR,1.090837
2026-09-23,GBP,1.295515
2026-09-23,BRL,0.170204
2026-09-23,JPY,0.006532
2026-09-24,USD,1.0
2026-09-24,EUR,1.100211
2026-09-24,GBP,1.299163
2026-09-24,BRL,0.171807
2026-09-24,JPY,0.006614
2026-09-25,USD,1.0
2026-09-25,EUR,1.106855
2026-09-25,GBP,1.299907
2026-09-25,BRL,0.179187
2026-09-25,JPY,0.0067
2026-09-26,USD,1.0
2026-09-26,EUR,1.109872
2026-09-26,GBP,1.29769
2026-09-26,BRL,0.19
2026-09-26,JPY,0.006786
2026-09-27,USD,1.0
2026-09-27,EUR,1.108855
2026-09-27,GBP,1.292679
2026-09-27,BRL,0.200813
2026-09-27,JPY,0.006868
2026-09-28,USD,1.0
2026-09-28,EUR,1.103941
2026-09-28,GBP,1.285244
2026-09-28,BRL,0.208193
2026-09-28,JPY,0.006942
2026-09-29,USD,1.0
2026-09-29,EUR,1.095793
2026-09-29,GBP,1.275936
2026-09-29,BRL,0.209796
2026-09-29,JPY,0.007005
2026-09-30,USD,1.0
2026-09-30,EUR,1.085512
2026-09-30,GBP,1.265447
2026-09-30,BRL,0.205115
2026-09-30,JPY,0.007053
2026-10-01,USD,1.0
2026-10-01,EUR,1.074488
2026-10-01,GBP,1.254553
2026-10-01,BRL,0.195635
2026-10-01,JPY,0.007085
2026-10-02,USD,1.0
2026-10-02,EUR,1.064207
2026-10-02,GBP,1.244064
2026-10-02,BRL,0.184365
2026-10-02,JPY,0.007099
2026-10-03,USD,1.0
2026-10-03,EUR,1.056059
2026-10-03,GBP,1.234756
2026-10-03,BRL,0.174885
2026-10-03,JPY,0.007095
2026-10-04,USD,1.0
2026-10-04,EUR,1.051145
2026-10-04,GBP,1.227321
2026-10-04,BRL,0.170204
2026-10-04,JPY,0.007072
2026-10-05,USD,1.0
2026-10-05,EUR,1.050128
2026-10-05,GBP,1.22231
2026-10-05,BRL,0.171807
2026-10-05,JPY,0.007031
2026-10-06,USD,1.0
2026-10-06,EUR,1.053145
2026-10-06,GBP,1.220093
2026-10-06,BRL,0.179187
2026-10-06,JPY,0.006975
2026-10-07,USD,1.0
2026-10-07,EUR,1.059789
2026-10-07,GBP,1.220837
2026-10-07,BRL,0.19
2026-10-07,JPY,0.006906
2026-10-08,USD,1.0
2026-10-08,EUR,1.069163
2026-10-08,GBP,1.224485
2026-10-08,BRL,0.200813
2026-10-08,JPY,0.006828
2026-10-09,USD,1.0
2026-10-09,EUR,1.08
2026-10-09,GBP,1.230767
2026-10-09,BRL,0.208193
2026-10-09,JPY,0.006743
2026-10-10,USD,1.0
2026-10-10,EUR,1.090837
2026-10-10,GBP,1.239217
2026-10-10,BRL,0.209796
2026-10-10,JPY,0.006657
2026-10-11,USD,1.0
2026-10-11,EUR,1.100211
2026-10-11,GBP,1.249208
2026-10-11,BRL,0.205115
2026-10-11,JPY,0.006572
2026-10-12,USD,1.0
2026-10-12,EUR,1.106855
2026-10-12,GBP,1.26
2026-10-12,BRL,0.195635
2026-10-12,JPY,0.006494
2026-10-13,USD,1.0
2026-10-13,EUR,1.109872
2026-10-13,GBP,1.270792
2026-10-13,BRL,0.184365
2026-10-13,JPY,0.006425
2026-10-14,USD,1.0
2026-10-14,EUR,1.108855
2026-10-14,GBP,1.280783
2026-10-14,BRL,0.174885
2026-10-14,JPY,0.006369
2026-10-15,USD,1.0
2026-10-15,EUR,1.103941
2026-10-15,GBP,1.289233
2026-10-15,BRL,0.170204
2026-10-15,JPY,0.006328
2026-10-16,USD,1.0
2026-10-16,EUR,1.095793
2026-10-16,GBP,1.295515
2026-10-16,BRL,0.171807
2026-10-16,JPY,0.006305
2026-10-17,USD,1.0
2026-10-17,EUR,1.085512
2026-10-17,GBP,1.299163
2026-10-17,BRL,0.179187
2026-10-17,JPY,0.006301
2026-10-18,USD,1.0
2026-10-18,EUR,1.074488
2026-10-18,GBP,1.299907
2026-10-18,BRL,0.19
2026-10-18,JPY,0.006315
2026-10-19,USD,1.0
2026-10-19,EUR,1.064207
2026-10-19,GBP,1.29769
2026-10-19,BRL,0.200813
2026-10-19,JPY,0.006347
2026-10-20,USD,1.0
2026-10-20,EUR,1.056059
2026-10-20,GBP,1.292679
2026-10-20,BRL,0.208193
2026-10-20,JPY,0.006395
2026-10-21,USD,1.0
2026-10-21,EUR,1.051145
2026-10-21,GBP,1.285244
2026-10-21,BRL,0.209796
2026-10-21,JPY,0.006458
2026-10-22,USD,1.0
2026-10-22,EUR,1.050128
2026-10-22,GBP,1.275936
2026-10-22,BRL,0.205115
2026-10-22,JPY,0.006532
2026-10-23,USD,1.0
2026-10-23,EUR,1.053145
2026-10-23,GBP,1.265447
2026-10-23,BRL,0.195635
2026-10-23,JPY,0.006614
2026-10-24,USD,1.0
2026-10-24,EUR,1.059789
2026-10-24,GBP,1.254553
2026-10-24,BRL,0.184365
2026-10-24,JPY,0.0067
2026-10-25,USD,1.0
2026-10-25,EUR,1.069163
2026-10-25,GBP,1.244064
2026-10-25,BRL,0.174885
2026-10-25,JPY,0.006786
2026-10-26,USD,1.0
2026-10-26,EUR,1.08
2026-10-26,GBP,1.234756
2026-10-26,BRL,0.170204
2026-10-26,JPY,0.006868
2026-10-27,USD,1.0
2026-10-27,EUR,1.090837
2026-10-27,GBP,1.227321
2026-10-27,BRL,0.171807
2026-10-27,JPY,0.006942
2026-10-28,USD,1.0
2026-10-28,EUR,1.100211
2026-10-28,GBP,1.22231
2026-10-28,BRL,0.179187
2026-10-28,JPY,0.007005
2026-10-29,USD,1.0
2026-10-29,EUR,1.106855
2026-10-29,GBP,1.220093
2026-10-29,BRL,0.19
2026-10-29,JPY,0.007053
2026-10-30,USD,1.0
2026-10-30,EUR,1.109872
2026-10-30,GBP,1.220837
2026-10-30,BRL,0.200813
2026-10-30,JPY,0.007085
2026-10-31,USD,1.0
2026-10-31,EUR,1.108855
2026-10-31,GBP,1.224485
2026-10-31,BRL,0.208193
2026-10-31,JPY,0.007099
2026-11-01,USD,1.0
2026-11-01,EUR,1.103941
2026-11-01,GBP,1.230767
2026-11-01,BRL,0.209796
2026-11-01,JPY,0.007095
2026-11-02,USD,1.0
2026-11-02,EUR,1.095793
2026-11-02,GBP,1.239217
2026-11-02,BRL,0.205115
2026-11-02,JPY,0.007072
2026-11-03,USD,1.0
2026-11-03,EUR,1.085512
2026-11-03,GBP,1.249208
2026-11-03,BRL,0.195635
2026-11-03,JPY,0.007031
2026-11-04,USD,1.0
2026-11-04,EUR,1.074488
2026-11-04,GBP,1.26
2026-11-04,BRL,0.184365
2026-11-04,JPY,0.006975
2026-11-05,USD,1.0
2026-11-05,EUR,1.064207
2026-11-05,GBP,1.270792
2026-11-05,BRL,0.174885
2026-11-05,JPY,0.006906
2026-11-06,USD,1.0
2026-11-06,EUR,1.056059
2026-11-06,GBP,1.280783
2026-11-06,BRL,0.170204
2026-11-06,JPY,0.006828
2026-11-07,USD,1.0
2026-11-07,EUR,1.051145
2026-11-07,GBP,1.289233
2026-11-07,BRL,0.171807
2026-11-07,JPY,0.006743
2026-11-08,USD,1.0
2026-11-08,EUR,1.050128
2026-11-08,GBP,1.295515
2026-11-08,BRL,0.179187
2026-11-08,JPY,0.006657
2026-11-09,USD,1.0
2026-11-09,EUR,1.053145
2026-11-09,GBP,1.299163
2026-11-09,BRL,0.19
2026-11-09,JPY,0.006572
2026-11-10,USD,1.0
2026-11-10,EUR,1.059789
2026-11-10,GBP,1.299907
2026-11-10,BRL,0.200813
2026-11-10,JPY,0.006494
2026-11-11,USD,1.0
2026-11-11,EUR,1.069163
2026-11-11,GBP,1.29769
2026-11-11,BRL,0.208193
2026-11-11,JPY,0.006425
2026-11-12,USD,1.0
2026-11-12,EUR,1.08
2026-11-12,GBP,1.292679
2026-11-12,BRL,0.209796
2026-11-12,JPY,0.006369
2026-11-13,USD,1.0
2026-11-13,EUR,1.090837
2026-11-13,GBP,1.285244
2026-11-13,BRL,0.205115
2026-11-13,JPY,0.006328
2026-11-14,USD,1.0
2026-11-14,EUR,1.100211
2026-11-14,GBP,1.275936
2026-11-14,BRL,0.195635
2026-11-14,JPY,0.006305
2026-11-15,USD,1.0
2026-11-15,EUR,1.106855
2026-11-15,GBP,1.265447
2026-11-15,BRL,0.184365
2026-11-15,JPY,0.006301
2026-11-16,USD,1.0
2026-11-16,EUR,1.109872
2026-11-16,GBP,1.254553
2026-11-16,BRL,0.174885
2026-11-16,JPY,0.006315
2026-11-17,USD,1.0
2026-11-17,EUR,1.108855
2026-11-17,GBP,1.244064
2026-11-17,BRL,0.170204
2026-11-17,JPY,0.006347
2026-11-18,USD,1.0
2026-11-18,EUR,1.103941
2026-11-18,GBP,1.234756
2026-11-18,BRL,0.171807
2026-11-18,JPY,0.006395
2026-11-19,USD,1.0
2026-11-19,EUR,1.095793
2026-11-19,GBP,1.227321
2026-11-19,BRL,0.179187
2026-11-19,JPY,0.006458
2026-11-20,USD,1.0
2026-11-20,EUR,1.085512
2026-11-20,GBP,1.22231
2026-11-20,BRL,0.19
2026-11-20,JPY,0.006532
2026-11-21,USD,1.0
2026-11-21,EUR,1.074488
2026-11-21,GBP,1.220093
2026-11-21,BRL,0.200813
2026-11-21,JPY,0.006614
2026-11-22,USD,1.0
2026-11-22,EUR,1.064207
2026-11-22,GBP,1.220837
2026-11-22,BRL,0.208193
2026-11-22,JPY,0.0067
2026-11-23,USD,1.0
2026-11-23,EUR,1.056059
2026-11-23,GBP,1.224485
2026-11-23,BRL,0.209796
2026-11-23,JPY,0.006786
2026-11-24,USD,1.0
2026-11-24,EUR,1.051145
2026-11-24,GBP,1.230767
2026-11-24,BRL,0.205115
2026-11-24,JPY,0.006868
2026-11-25,USD,1.0
2026-11-25,EUR,1.050128
2026-11-25,GBP,1.239217
2026-11-25,BRL,0.195635
2026-11-25,JPY,0.006942
2026-11-26,USD,1.0
2026-11-26,EUR,1.053145
2026-11-26,GBP,1.249208
2026-11-26,BRL,0.184365
2026-11-26,JPY,0.007005
2026-11-27,USD,1.0
2026-11-27,EUR,1.059789
2026-11-27,GBP,1.26
2026-11-27,BRL,0.174885
2026-11-27,JPY,0.007053
2026-11-28,USD,1.0
2026-11-28,EUR,1.069163
2026-11-28,GBP,1.270792
2026-11-28,BRL,0.170204
2026-11-28,JPY,0.007085
2026-11-29,USD,1.0
2026-11-29,EUR,1.08
2026-11-29,GBP,1.280783
2026-11-29,BRL,0.171807
2026-11-29,JPY,0.007099
2026-11-30,USD,1.0
2026-11-30,EUR,1.090837
2026-11-30,GBP,1.289233
2026-11-30,BRL,0.179187
2026-11-30,JPY,0.007095
2026-12-01,USD,1.0
2026-12-01,EUR,1.100211
2026-12-01,GBP,1.295515
2026-12-01,BRL,0.19
2026-12-01,JPY,0.007072
2026-12-02,USD,1.0
2026-12-02,EUR,1.106855
2026-12-02,GBP,1.299163
2026-12-02,BRL,0.200813
2026-12-02,JPY,0.007031
2026-12-03,USD,1.0
2026-12-03,EUR,1.109872
2026-12-03,GBP,1.299907
2026-12-03,BRL,0.208193
2026-12-03,JPY,0.006975
2026-12-04,USD,1.0
2026-12-04,EUR,1.108855
2026-12-04,GBP,1.29769
2026-12-04,BRL,0.209796
2026-12-04,JPY,0.006906
2026-12-05,USD,1.0
2026-12-05,EUR,1.103941
2026-12-05,GBP,1.292679
2026-12-05,BRL,0.205115
2026-12-05,JPY,0.006828
2026-12-06,USD,1.0
2026-12-06,EUR,1.095793
2026-12-06,GBP,1.285244
2026-12-06,BRL,0.195635
2026-12-06,JPY,0.006743
2026-12-07,USD,1.0
2026-12-07,EUR,1.085512
2026-12-07,GBP,1.275936
2026-12-07,BRL,0.184365
2026-12-07,JPY,0.006657
2026-12-08,USD,1.0
2026-12-08,EUR,1.074488
2026-12-08,GBP,1.265447
2026-12-08,BRL,0.174885
2026-12-08,JPY,0.006572
2026-12-09,USD,1.0
2026-12-09,EUR,1.064207
2026-12-09,GBP,1.254553
2026-12-09,BRL,0.170204
2026-12-09,JPY,0.006494
2026-12-10,USD,1.0
2026-12-10,EUR,1.056059
2026-12-10,GBP,1.244064
2026-12-10,BRL,0.171807
2026-12-10,JPY,0.006425
2026-12-11,USD,1.0
2026-12-11,EUR,1.051145
2026-12-11,GBP,1.234756
2026-12-11,BRL,0.179187
2026-12-11,JPY,0.006369
2026-12-12,USD,1.0
2026-12-12,EUR,1.050128
2026-12-12,GBP,1.227321
2026-12-12,BRL,0.19
2026-12-12,JPY,0.006328
2026-12-13,USD,1.0
2026-12-13,EUR,1.053145
2026-12-13,GBP,1.22231
2026-12-13,BRL,0.200813
2026-12-13,JPY,0.006305
2026-12-14,USD,1.0
2026-12-14,EUR,1.059789
2026-12-14,GBP,1.220093
2026-12-14,BRL,0.208193
2026-12-14,JPY,0.006301
2026-12-15,USD,1.0
2026-12-15,EUR,1.069163
2026-12-15,GBP,1.220837
2026-12-15,BRL,0.209796
2026-12-15,JPY,0.006315
2026-12-16,USD,1.0
2026-12-16,EUR,1.08
2026-12-16,GBP,1.224485
2026-12-16,BRL,0.205115
2026-12-16,JPY,0.006347
2026-12-17,USD,1.0
2026-12-17,EUR,1.090837
2026-12-17,GBP,1.230767
2026-12-17,BRL,0.195635
2026-12-17,JPY,0.006395
2026-12-18,USD,1.0
2026-12-18,EUR,1.100211
2026-12-18,GBP,1.239217
2026-12-18,BRL,0.184365
2026-12-18,JPY,0.006458
2026-12-19,USD,1.0
2026-12-19,EUR,1.106855
2026-12-19,GBP,1.249208
2026-12-19,BRL,0.174885
2026-12-19,JPY,0.006532
2026-12-20,USD,1.0
2026-12-20,EUR,1.109872
2026-12-20,GBP,1.26
2026-12-20,BRL,0.170204
2026-12-20,JPY,0.006614
2026-12-21,USD,1.0
2026-12-21,EUR,1.108855
2026-12-21,GBP,1.270792
2026-12-21,BRL,0.171807
2026-12-21,JPY,0.0067
2026-12-22,USD,1.0
2026-12-22,EUR,1.103941
2026-12-22,GBP,1.280783
2026-12-22,BRL,0.179187
2026-12-22,JPY,0.006786
2026-12-23,USD,1.0
2026-12-23,EUR,1.095793
2026-12-23,GBP,1.289233
2026-12-23,BRL,0.19
2026-12-23,JPY,0.006868
2026-12-24,USD,1.0
2026-12-24,EUR,1.085512
2026-12-24,GBP,1.295515
2026-12-24,BRL,0.200813
2026-12-24,JPY,0.006942
2026-12-25,USD,1.0
2026-12-25,EUR,1.074488
2026-12-25,GBP,1.299163
2026-12-25,BRL,0.208193
2026-12-25,JPY,0.007005
2026-12-26,USD,1.0
2026-12-26,EUR,1.064207
2026-12-26,GBP,1.299907
2026-12-26,BRL,0.209796
2026-12-26,JPY,0.007053
2026-12-27,USD,1.0
2026-12-27,EUR,1.056059
2026-12-27,GBP,1.29769
2026-12-27,BRL,0.205115
2026-12-27,JPY,0.007085
2026-12-28,USD,1.0
2026-12-28,EUR,1.051145
2026-12-28,GBP,1.292679
2026-12-28,BRL,0.195635
2026-12-28,JPY,0.007099
2026-12-29,USD,1.0
2026-12-29,EUR,1.050128
2026-12-29,GBP,1.285244
2026-12-29,BRL,0.184365
2026-12-29,JPY,0.007095
2026-12-30,USD,1.0
2026-12-30,EUR,1.053145
2026-12-30,GBP,1.275936
2026-12-30,BRL,0.174885
2026-12-30,JPY,0.007072
2026-12-31,USD,1.0
2026-12-31,EUR,1.059789
2026-12-31,GBP,1.265447
2026-12-31,BRL,0.170204
2026-12-31,JPY,0.007031
2027-01-01,USD,1.0
2027-01-01,EUR,1.069163
2027-01-01,GBP,1.254553
2027-01-01,BRL,0.171807
2027-01-01,JPY,0.006975
